INFO:hf-to-gguf:Loading model: Qwen3.8-27B
INFO:hf-to-gguf:Model architecture: Qwen3_5ForConditionalGeneration
INFO:hf-to-gguf:gguf: loading model weight map from 'model.safetensors.index.json'
INFO:hf-to-gguf:gguf: indexing model part 'model-00001-of-00018.safetensors'
INFO:hf-to-gguf:gguf: indexing model part 'model-00002-of-00018.safetensors'
INFO:hf-to-gguf:gguf: indexing model part 'model-00003-of-00018.safetensors'
INFO:hf-to-gguf:gguf: indexing model part 'model-00004-of-00018.safetensors'
INFO:hf-to-gguf:gguf: indexing model part 'model-00005-of-00018.safetensors'
INFO:hf-to-gguf:gguf: indexing model part 'model-00006-of-00018.safetensors'
INFO:hf-to-gguf:gguf: indexing model part 'model-00007-of-00018.safetensors'
INFO:hf-to-gguf:gguf: indexing model part 'model-00008-of-00018.safetensors'
INFO:hf-to-gguf:gguf: indexing model part 'model-00009-of-00018.safetensors'
INFO:hf-to-gguf:gguf: indexing model part 'model-00010-of-00018.safetensors'
INFO:hf-to-gguf:gguf: indexing model part 'model-00011-of-00018.safetensors'
INFO:hf-to-gguf:gguf: indexing model part 'model-00012-of-00018.safetensors'
INFO:hf-to-gguf:gguf: indexing model part 'model-00013-of-00018.safetensors'
INFO:hf-to-gguf:gguf: indexing model part 'model-00014-of-00018.safetensors'
INFO:hf-to-gguf:gguf: indexing model part 'model-00015-of-00018.safetensors'
INFO:hf-to-gguf:gguf: indexing model part 'model-00016-of-00018.safetensors'
INFO:hf-to-gguf:gguf: indexing model part 'model-00017-of-00018.safetensors'
INFO:hf-to-gguf:gguf: indexing model part 'model-00018-of-00018.safetensors'
INFO:gguf.gguf_writer:gguf: This GGUF file is for Little Endian only
INFO:hf-to-gguf:Exporting model...
INFO:hf-to-gguf:blk.0.attn_norm.weight,               torch.bfloat16 --> F32, shape = {5120}
INFO:hf-to-gguf:blk.0.ssm_a,                          torch.bfloat16 --> F32, shape = {48}
INFO:hf-to-gguf:blk.0.ssm_conv1d.weight,              torch.bfloat16 --> F32, shape = {4, 10240}
INFO:hf-to-gguf:blk.0.ssm_dt.bias,                    torch.bfloat16 --> F32, shape = {48}
INFO:hf-to-gguf:blk.0.ssm_alpha.weight,               torch.bfloat16 --> BF16, shape = {5120, 48}
INFO:hf-to-gguf:blk.0.ssm_beta.weight,                torch.bfloat16 --> BF16, shape = {5120, 48}
INFO:hf-to-gguf:blk.0.attn_qkv.weight,                torch.bfloat16 --> BF16, shape = {5120, 10240}
INFO:hf-to-gguf:blk.0.attn_gate.weight,               torch.bfloat16 --> BF16, shape = {5120, 6144}
INFO:hf-to-gguf:blk.0.ssm_norm.weight,                torch.bfloat16 --> F32, shape = {128}
INFO:hf-to-gguf:blk.0.ssm_out.weight,                 torch.bfloat16 --> BF16, shape = {6144, 5120}
INFO:hf-to-gguf:blk.0.ffn_down.weight,                torch.bfloat16 --> BF16, shape = {17408, 5120}
INFO:hf-to-gguf:blk.0.ffn_gate.weight,                torch.bfloat16 --> BF16, shape = {5120, 17408}
INFO:hf-to-gguf:blk.0.ffn_up.weight,                  torch.bfloat16 --> BF16, shape = {5120, 17408}
INFO:hf-to-gguf:blk.0.post_attention_norm.weight,     torch.bfloat16 --> F32, shape = {5120}
INFO:hf-to-gguf:blk.1.attn_norm.weight,               torch.bfloat16 --> F32, shape = {5120}
INFO:hf-to-gguf:blk.1.ssm_a,                          torch.bfloat16 --> F32, shape = {48}
INFO:hf-to-gguf:blk.1.ssm_conv1d.weight,              torch.bfloat16 --> F32, shape = {4, 10240}
INFO:hf-to-gguf:blk.1.ssm_dt.bias,                    torch.bfloat16 --> F32, shape = {48}
INFO:hf-to-gguf:blk.1.ssm_alpha.weight,               torch.bfloat16 --> BF16, shape = {5120, 48}
INFO:hf-to-gguf:blk.1.ssm_beta.weight,                torch.bfloat16 --> BF16, shape = {5120, 48}
INFO:hf-to-gguf:blk.1.attn_qkv.weight,                torch.bfloat16 --> BF16, shape = {5120, 10240}
INFO:hf-to-gguf:blk.1.attn_gate.weight,               torch.bfloat16 --> BF16, shape = {5120, 6144}
INFO:hf-to-gguf:blk.1.ssm_norm.weight,                torch.bfloat16 --> F32, shape = {128}
INFO:hf-to-gguf:blk.1.ssm_out.weight,                 torch.bfloat16 --> BF16, shape = {6144, 5120}
INFO:hf-to-gguf:blk.1.ffn_down.weight,                torch.bfloat16 --> BF16, shape = {17408, 5120}
INFO:hf-to-gguf:blk.1.ffn_gate.weight,                torch.bfloat16 --> BF16, shape = {5120, 17408}
INFO:hf-to-gguf:blk.1.ffn_up.weight,                  torch.bfloat16 --> BF16, shape = {5120, 17408}
INFO:hf-to-gguf:blk.1.post_attention_norm.weight,     torch.bfloat16 --> F32, shape = {5120}
INFO:hf-to-gguf:blk.2.attn_norm.weight,               torch.bfloat16 --> F32, shape = {5120}
INFO:hf-to-gguf:blk.2.ssm_a,                          torch.bfloat16 --> F32, shape = {48}
INFO:hf-to-gguf:blk.2.ssm_conv1d.weight,              torch.bfloat16 --> F32, shape = {4, 10240}
INFO:hf-to-gguf:blk.2.ssm_dt.bias,                    torch.bfloat16 --> F32, shape = {48}
INFO:hf-to-gguf:blk.2.ssm_alpha.weight,               torch.bfloat16 --> BF16, shape = {5120, 48}
INFO:hf-to-gguf:blk.2.ssm_beta.weight,                torch.bfloat16 --> BF16, shape = {5120, 48}
INFO:hf-to-gguf:blk.2.attn_qkv.weight,                torch.bfloat16 --> BF16, shape = {5120, 10240}
INFO:hf-to-gguf:blk.2.attn_gate.weight,               torch.bfloat16 --> BF16, shape = {5120, 6144}
INFO:hf-to-gguf:blk.2.ssm_norm.weight,                torch.bfloat16 --> F32, shape = {128}
INFO:hf-to-gguf:blk.2.ssm_out.weight,                 torch.bfloat16 --> BF16, shape = {6144, 5120}
INFO:hf-to-gguf:blk.2.ffn_down.weight,                torch.bfloat16 --> BF16, shape = {17408, 5120}
INFO:hf-to-gguf:blk.2.ffn_gate.weight,                torch.bfloat16 --> BF16, shape = {5120, 17408}
INFO:hf-to-gguf:blk.2.ffn_up.weight,                  torch.bfloat16 --> BF16, shape = {5120, 17408}
INFO:hf-to-gguf:blk.2.post_attention_norm.weight,     torch.bfloat16 --> F32, shape = {5120}
INFO:hf-to-gguf:blk.3.attn_norm.weight,               torch.bfloat16 --> F32, shape = {5120}
INFO:hf-to-gguf:blk.3.ffn_down.weight,                torch.bfloat16 --> BF16, shape = {17408, 5120}
INFO:hf-to-gguf:blk.3.ffn_gate.weight,                torch.bfloat16 --> BF16, shape = {5120, 17408}
INFO:hf-to-gguf:blk.3.ffn_up.weight,                  torch.bfloat16 --> BF16, shape = {5120, 17408}
INFO:hf-to-gguf:blk.3.post_attention_norm.weight,     torch.bfloat16 --> F32, shape = {5120}
INFO:hf-to-gguf:blk.3.attn_k_norm.weight,             torch.bfloat16 --> F32, shape = {256}
INFO:hf-to-gguf:blk.3.attn_k.weight,                  torch.bfloat16 --> BF16, shape = {5120, 1024}
INFO:hf-to-gguf:blk.3.attn_output.weight,             torch.bfloat16 --> BF16, shape = {6144, 5120}
INFO:hf-to-gguf:blk.3.attn_q_norm.weight,             torch.bfloat16 --> F32, shape = {256}
INFO:hf-to-gguf:blk.3.attn_q.weight,                  torch.bfloat16 --> BF16, shape = {5120, 12288}
INFO:hf-to-gguf:blk.3.attn_v.weight,                  torch.bfloat16 --> BF16, shape = {5120, 1024}
INFO:hf-to-gguf:blk.4.attn_norm.weight,               torch.bfloat16 --> F32, shape = {5120}
INFO:hf-to-gguf:blk.4.ssm_a,                          torch.bfloat16 --> F32, shape = {48}
INFO:hf-to-gguf:blk.4.ssm_conv1d.weight,              torch.bfloat16 --> F32, shape = {4, 10240}
INFO:hf-to-gguf:blk.4.ssm_dt.bias,                    torch.bfloat16 --> F32, shape = {48}
INFO:hf-to-gguf:blk.4.ssm_alpha.weight,               torch.bfloat16 --> BF16, shape = {5120, 48}
INFO:hf-to-gguf:blk.4.ssm_beta.weight,                torch.bfloat16 --> BF16, shape = {5120, 48}
INFO:hf-to-gguf:blk.4.attn_qkv.weight,                torch.bfloat16 --> BF16, shape = {5120, 10240}
INFO:hf-to-gguf:blk.4.attn_gate.weight,               torch.bfloat16 --> BF16, shape = {5120, 6144}
INFO:hf-to-gguf:blk.4.ssm_norm.weight,                torch.bfloat16 --> F32, shape = {128}
INFO:hf-to-gguf:blk.4.ssm_out.weight,                 torch.bfloat16 --> BF16, shape = {6144, 5120}
INFO:hf-to-gguf:blk.4.ffn_down.weight,                torch.bfloat16 --> BF16, shape = {17408, 5120}
INFO:hf-to-gguf:blk.4.ffn_gate.weight,                torch.bfloat16 --> BF16, shape = {5120, 17408}
INFO:hf-to-gguf:blk.4.ffn_up.weight,                  torch.bfloat16 --> BF16, shape = {5120, 17408}
INFO:hf-to-gguf:blk.4.post_attention_norm.weight,     torch.bfloat16 --> F32, shape = {5120}
INFO:hf-to-gguf:blk.5.attn_norm.weight,               torch.bfloat16 --> F32, shape = {5120}
INFO:hf-to-gguf:blk.5.ssm_a,                          torch.bfloat16 --> F32, shape = {48}
INFO:hf-to-gguf:blk.5.ssm_conv1d.weight,              torch.bfloat16 --> F32, shape = {4, 10240}
INFO:hf-to-gguf:blk.5.ssm_dt.bias,                    torch.bfloat16 --> F32, shape = {48}
INFO:hf-to-gguf:blk.5.ssm_alpha.weight,               torch.bfloat16 --> BF16, shape = {5120, 48}
INFO:hf-to-gguf:blk.5.ssm_beta.weight,                torch.bfloat16 --> BF16, shape = {5120, 48}
INFO:hf-to-gguf:blk.5.attn_qkv.weight,                torch.bfloat16 --> BF16, shape = {5120, 10240}
INFO:hf-to-gguf:blk.5.attn_gate.weight,               torch.bfloat16 --> BF16, shape = {5120, 6144}
INFO:hf-to-gguf:blk.5.ssm_norm.weight,                torch.bfloat16 --> F32, shape = {128}
INFO:hf-to-gguf:blk.5.ssm_out.weight,                 torch.bfloat16 --> BF16, shape = {6144, 5120}
INFO:hf-to-gguf:blk.5.ffn_down.weight,                torch.bfloat16 --> BF16, shape = {17408, 5120}
INFO:hf-to-gguf:blk.5.ffn_gate.weight,                torch.bfloat16 --> BF16, shape = {5120, 17408}
INFO:hf-to-gguf:blk.5.ffn_up.weight,                  torch.bfloat16 --> BF16, shape = {5120, 17408}
INFO:hf-to-gguf:blk.5.post_attention_norm.weight,     torch.bfloat16 --> F32, shape = {5120}
INFO:hf-to-gguf:blk.6.attn_norm.weight,               torch.bfloat16 --> F32, shape = {5120}
INFO:hf-to-gguf:blk.6.ssm_a,                          torch.bfloat16 --> F32, shape = {48}
INFO:hf-to-gguf:blk.6.ssm_conv1d.weight,              torch.bfloat16 --> F32, shape = {4, 10240}
INFO:hf-to-gguf:blk.6.ssm_dt.bias,                    torch.bfloat16 --> F32, shape = {48}
INFO:hf-to-gguf:blk.6.ssm_alpha.weight,               torch.bfloat16 --> BF16, shape = {5120, 48}
INFO:hf-to-gguf:blk.6.ssm_beta.weight,                torch.bfloat16 --> BF16, shape = {5120, 48}
INFO:hf-to-gguf:blk.6.attn_qkv.weight,                torch.bfloat16 --> BF16, shape = {5120, 10240}
INFO:hf-to-gguf:blk.6.attn_gate.weight,               torch.bfloat16 --> BF16, shape = {5120, 6144}
INFO:hf-to-gguf:blk.6.ssm_norm.weight,                torch.bfloat16 --> F32, shape = {128}
INFO:hf-to-gguf:blk.6.ssm_out.weight,                 torch.bfloat16 --> BF16, shape = {6144, 5120}
INFO:hf-to-gguf:blk.6.ffn_down.weight,                torch.bfloat16 --> BF16, shape = {17408, 5120}
INFO:hf-to-gguf:blk.6.ffn_gate.weight,                torch.bfloat16 --> BF16, shape = {5120, 17408}
INFO:hf-to-gguf:blk.6.ffn_up.weight,                  torch.bfloat16 --> BF16, shape = {5120, 17408}
INFO:hf-to-gguf:blk.6.post_attention_norm.weight,     torch.bfloat16 --> F32, shape = {5120}
INFO:hf-to-gguf:blk.7.attn_norm.weight,               torch.bfloat16 --> F32, shape = {5120}
INFO:hf-to-gguf:blk.7.ffn_down.weight,                torch.bfloat16 --> BF16, shape = {17408, 5120}
INFO:hf-to-gguf:blk.7.ffn_gate.weight,                torch.bfloat16 --> BF16, shape = {5120, 17408}
INFO:hf-to-gguf:blk.7.ffn_up.weight,                  torch.bfloat16 --> BF16, shape = {5120, 17408}
INFO:hf-to-gguf:blk.7.post_attention_norm.weight,     torch.bfloat16 --> F32, shape = {5120}
INFO:hf-to-gguf:blk.7.attn_k_norm.weight,             torch.bfloat16 --> F32, shape = {256}
INFO:hf-to-gguf:blk.7.attn_k.weight,                  torch.bfloat16 --> BF16, shape = {5120, 1024}
INFO:hf-to-gguf:blk.7.attn_output.weight,             torch.bfloat16 --> BF16, shape = {6144, 5120}
INFO:hf-to-gguf:blk.7.attn_q_norm.weight,             torch.bfloat16 --> F32, shape = {256}
INFO:hf-to-gguf:blk.7.attn_q.weight,                  torch.bfloat16 --> BF16, shape = {5120, 12288}
INFO:hf-to-gguf:blk.7.attn_v.weight,                  torch.bfloat16 --> BF16, shape = {5120, 1024}
INFO:hf-to-gguf:token_embd.weight,                    torch.bfloat16 --> BF16, shape = {5120, 248320}
INFO:hf-to-gguf:blk.10.attn_norm.weight,              torch.bfloat16 --> F32, shape = {5120}
INFO:hf-to-gguf:blk.10.ssm_a,                         torch.bfloat16 --> F32, shape = {48}
INFO:hf-to-gguf:blk.10.ssm_conv1d.weight,             torch.bfloat16 --> F32, shape = {4, 10240}
INFO:hf-to-gguf:blk.10.ssm_dt.bias,                   torch.bfloat16 --> F32, shape = {48}
INFO:hf-to-gguf:blk.10.ssm_alpha.weight,              torch.bfloat16 --> BF16, shape = {5120, 48}
INFO:hf-to-gguf:blk.10.ssm_beta.weight,               torch.bfloat16 --> BF16, shape = {5120, 48}
INFO:hf-to-gguf:blk.10.attn_qkv.weight,               torch.bfloat16 --> BF16, shape = {5120, 10240}
INFO:hf-to-gguf:blk.10.attn_gate.weight,              torch.bfloat16 --> BF16, shape = {5120, 6144}
INFO:hf-to-gguf:blk.10.ssm_norm.weight,               torch.bfloat16 --> F32, shape = {128}
INFO:hf-to-gguf:blk.10.ssm_out.weight,                torch.bfloat16 --> BF16, shape = {6144, 5120}
INFO:hf-to-gguf:blk.10.ffn_down.weight,               torch.bfloat16 --> BF16, shape = {17408, 5120}
INFO:hf-to-gguf:blk.10.ffn_gate.weight,               torch.bfloat16 --> BF16, shape = {5120, 17408}
INFO:hf-to-gguf:blk.10.ffn_up.weight,                 torch.bfloat16 --> BF16, shape = {5120, 17408}
INFO:hf-to-gguf:blk.10.post_attention_norm.weight,    torch.bfloat16 --> F32, shape = {5120}
INFO:hf-to-gguf:blk.11.attn_norm.weight,              torch.bfloat16 --> F32, shape = {5120}
INFO:hf-to-gguf:blk.11.ffn_down.weight,               torch.bfloat16 --> BF16, shape = {17408, 5120}
INFO:hf-to-gguf:blk.11.ffn_gate.weight,               torch.bfloat16 --> BF16, shape = {5120, 17408}
INFO:hf-to-gguf:blk.11.ffn_up.weight,                 torch.bfloat16 --> BF16, shape = {5120, 17408}
INFO:hf-to-gguf:blk.11.post_attention_norm.weight,    torch.bfloat16 --> F32, shape = {5120}
INFO:hf-to-gguf:blk.11.attn_k_norm.weight,            torch.bfloat16 --> F32, shape = {256}
INFO:hf-to-gguf:blk.11.attn_k.weight,                 torch.bfloat16 --> BF16, shape = {5120, 1024}
INFO:hf-to-gguf:blk.11.attn_output.weight,            torch.bfloat16 --> BF16, shape = {6144, 5120}
INFO:hf-to-gguf:blk.11.attn_q_norm.weight,            torch.bfloat16 --> F32, shape = {256}
INFO:hf-to-gguf:blk.11.attn_q.weight,                 torch.bfloat16 --> BF16, shape = {5120, 12288}
INFO:hf-to-gguf:blk.11.attn_v.weight,                 torch.bfloat16 --> BF16, shape = {5120, 1024}
INFO:hf-to-gguf:blk.12.attn_norm.weight,              torch.bfloat16 --> F32, shape = {5120}
INFO:hf-to-gguf:blk.12.ssm_a,                         torch.bfloat16 --> F32, shape = {48}
INFO:hf-to-gguf:blk.12.ssm_conv1d.weight,             torch.bfloat16 --> F32, shape = {4, 10240}
INFO:hf-to-gguf:blk.12.ssm_dt.bias,                   torch.bfloat16 --> F32, shape = {48}
INFO:hf-to-gguf:blk.12.ssm_alpha.weight,              torch.bfloat16 --> BF16, shape = {5120, 48}
INFO:hf-to-gguf:blk.12.ssm_beta.weight,               torch.bfloat16 --> BF16, shape = {5120, 48}
INFO:hf-to-gguf:blk.12.attn_qkv.weight,               torch.bfloat16 --> BF16, shape = {5120, 10240}
INFO:hf-to-gguf:blk.12.attn_gate.weight,              torch.bfloat16 --> BF16, shape = {5120, 6144}
INFO:hf-to-gguf:blk.12.ssm_norm.weight,               torch.bfloat16 --> F32, shape = {128}
INFO:hf-to-gguf:blk.12.ssm_out.weight,                torch.bfloat16 --> BF16, shape = {6144, 5120}
INFO:hf-to-gguf:blk.12.ffn_down.weight,               torch.bfloat16 --> BF16, shape = {17408, 5120}
INFO:hf-to-gguf:blk.12.ffn_gate.weight,               torch.bfloat16 --> BF16, shape = {5120, 17408}
INFO:hf-to-gguf:blk.12.ffn_up.weight,                 torch.bfloat16 --> BF16, shape = {5120, 17408}
INFO:hf-to-gguf:blk.12.post_attention_norm.weight,    torch.bfloat16 --> F32, shape = {5120}
INFO:hf-to-gguf:blk.13.attn_norm.weight,              torch.bfloat16 --> F32, shape = {5120}
INFO:hf-to-gguf:blk.13.ssm_a,                         torch.bfloat16 --> F32, shape = {48}
INFO:hf-to-gguf:blk.13.ssm_conv1d.weight,             torch.bfloat16 --> F32, shape = {4, 10240}
INFO:hf-to-gguf:blk.13.ssm_dt.bias,                   torch.bfloat16 --> F32, shape = {48}
INFO:hf-to-gguf:blk.13.ssm_alpha.weight,              torch.bfloat16 --> BF16, shape = {5120, 48}
INFO:hf-to-gguf:blk.13.ssm_beta.weight,               torch.bfloat16 --> BF16, shape = {5120, 48}
INFO:hf-to-gguf:blk.13.attn_qkv.weight,               torch.bfloat16 --> BF16, shape = {5120, 10240}
INFO:hf-to-gguf:blk.13.attn_gate.weight,              torch.bfloat16 --> BF16, shape = {5120, 6144}
INFO:hf-to-gguf:blk.13.ssm_norm.weight,               torch.bfloat16 --> F32, shape = {128}
INFO:hf-to-gguf:blk.13.ssm_out.weight,                torch.bfloat16 --> BF16, shape = {6144, 5120}
INFO:hf-to-gguf:blk.13.ffn_down.weight,               torch.bfloat16 --> BF16, shape = {17408, 5120}
INFO:hf-to-gguf:blk.13.ffn_gate.weight,               torch.bfloat16 --> BF16, shape = {5120, 17408}
INFO:hf-to-gguf:blk.13.ffn_up.weight,                 torch.bfloat16 --> BF16, shape = {5120, 17408}
INFO:hf-to-gguf:blk.13.post_attention_norm.weight,    torch.bfloat16 --> F32, shape = {5120}
INFO:hf-to-gguf:blk.14.attn_norm.weight,              torch.bfloat16 --> F32, shape = {5120}
INFO:hf-to-gguf:blk.14.ssm_a,                         torch.bfloat16 --> F32, shape = {48}
INFO:hf-to-gguf:blk.14.ssm_conv1d.weight,             torch.bfloat16 --> F32, shape = {4, 10240}
INFO:hf-to-gguf:blk.14.ssm_dt.bias,                   torch.bfloat16 --> F32, shape = {48}
INFO:hf-to-gguf:blk.14.ssm_alpha.weight,              torch.bfloat16 --> BF16, shape = {5120, 48}
INFO:hf-to-gguf:blk.14.ssm_beta.weight,               torch.bfloat16 --> BF16, shape = {5120, 48}
INFO:hf-to-gguf:blk.14.attn_qkv.weight,               torch.bfloat16 --> BF16, shape = {5120, 10240}
INFO:hf-to-gguf:blk.14.attn_gate.weight,              torch.bfloat16 --> BF16, shape = {5120, 6144}
INFO:hf-to-gguf:blk.14.ssm_norm.weight,               torch.bfloat16 --> F32, shape = {128}
INFO:hf-to-gguf:blk.14.ssm_out.weight,                torch.bfloat16 --> BF16, shape = {6144, 5120}
INFO:hf-to-gguf:blk.14.ffn_down.weight,               torch.bfloat16 --> BF16, shape = {17408, 5120}
INFO:hf-to-gguf:blk.14.ffn_gate.weight,               torch.bfloat16 --> BF16, shape = {5120, 17408}
INFO:hf-to-gguf:blk.14.ffn_up.weight,                 torch.bfloat16 --> BF16, shape = {5120, 17408}
INFO:hf-to-gguf:blk.14.post_attention_norm.weight,    torch.bfloat16 --> F32, shape = {5120}
INFO:hf-to-gguf:blk.15.ffn_gate.weight,               torch.bfloat16 --> BF16, shape = {5120, 17408}
INFO:hf-to-gguf:blk.15.post_attention_norm.weight,    torch.bfloat16 --> F32, shape = {5120}
INFO:hf-to-gguf:blk.15.attn_norm.weight,              torch.bfloat16 --> F32, shape = {5120}
INFO:hf-to-gguf:blk.15.ffn_down.weight,               torch.bfloat16 --> BF16, shape = {17408, 5120}
INFO:hf-to-gguf:blk.15.ffn_up.weight,                 torch.bfloat16 --> BF16, shape = {5120, 17408}
INFO:hf-to-gguf:blk.15.attn_k_norm.weight,            torch.bfloat16 --> F32, shape = {256}
INFO:hf-to-gguf:blk.15.attn_k.weight,                 torch.bfloat16 --> BF16, shape = {5120, 1024}
INFO:hf-to-gguf:blk.15.attn_output.weight,            torch.bfloat16 --> BF16, shape = {6144, 5120}
INFO:hf-to-gguf:blk.15.attn_q_norm.weight,            torch.bfloat16 --> F32, shape = {256}
INFO:hf-to-gguf:blk.15.attn_q.weight,                 torch.bfloat16 --> BF16, shape = {5120, 12288}
INFO:hf-to-gguf:blk.15.attn_v.weight,                 torch.bfloat16 --> BF16, shape = {5120, 1024}
INFO:hf-to-gguf:blk.8.attn_norm.weight,               torch.bfloat16 --> F32, shape = {5120}
INFO:hf-to-gguf:blk.8.ssm_a,                          torch.bfloat16 --> F32, shape = {48}
INFO:hf-to-gguf:blk.8.ssm_conv1d.weight,              torch.bfloat16 --> F32, shape = {4, 10240}
INFO:hf-to-gguf:blk.8.ssm_dt.bias,                    torch.bfloat16 --> F32, shape = {48}
INFO:hf-to-gguf:blk.8.ssm_alpha.weight,               torch.bfloat16 --> BF16, shape = {5120, 48}
INFO:hf-to-gguf:blk.8.ssm_beta.weight,                torch.bfloat16 --> BF16, shape = {5120, 48}
INFO:hf-to-gguf:blk.8.attn_qkv.weight,                torch.bfloat16 --> BF16, shape = {5120, 10240}
INFO:hf-to-gguf:blk.8.attn_gate.weight,               torch.bfloat16 --> BF16, shape = {5120, 6144}
INFO:hf-to-gguf:blk.8.ssm_norm.weight,                torch.bfloat16 --> F32, shape = {128}
INFO:hf-to-gguf:blk.8.ssm_out.weight,                 torch.bfloat16 --> BF16, shape = {6144, 5120}
INFO:hf-to-gguf:blk.8.ffn_down.weight,                torch.bfloat16 --> BF16, shape = {17408, 5120}
INFO:hf-to-gguf:blk.8.ffn_gate.weight,                torch.bfloat16 --> BF16, shape = {5120, 17408}
INFO:hf-to-gguf:blk.8.ffn_up.weight,                  torch.bfloat16 --> BF16, shape = {5120, 17408}
INFO:hf-to-gguf:blk.8.post_attention_norm.weight,     torch.bfloat16 --> F32, shape = {5120}
INFO:hf-to-gguf:blk.9.attn_norm.weight,               torch.bfloat16 --> F32, shape = {5120}
INFO:hf-to-gguf:blk.9.ssm_a,                          torch.bfloat16 --> F32, shape = {48}
INFO:hf-to-gguf:blk.9.ssm_conv1d.weight,              torch.bfloat16 --> F32, shape = {4, 10240}
INFO:hf-to-gguf:blk.9.ssm_dt.bias,                    torch.bfloat16 --> F32, shape = {48}
INFO:hf-to-gguf:blk.9.ssm_alpha.weight,               torch.bfloat16 --> BF16, shape = {5120, 48}
INFO:hf-to-gguf:blk.9.ssm_beta.weight,                torch.bfloat16 --> BF16, shape = {5120, 48}
INFO:hf-to-gguf:blk.9.attn_qkv.weight,                torch.bfloat16 --> BF16, shape = {5120, 10240}
INFO:hf-to-gguf:blk.9.attn_gate.weight,               torch.bfloat16 --> BF16, shape = {5120, 6144}
INFO:hf-to-gguf:blk.9.ssm_norm.weight,                torch.bfloat16 --> F32, shape = {128}
INFO:hf-to-gguf:blk.9.ssm_out.weight,                 torch.bfloat16 --> BF16, shape = {6144, 5120}
INFO:hf-to-gguf:blk.9.ffn_down.weight,                torch.bfloat16 --> BF16, shape = {17408, 5120}
INFO:hf-to-gguf:blk.9.ffn_gate.weight,                torch.bfloat16 --> BF16, shape = {5120, 17408}
INFO:hf-to-gguf:blk.9.ffn_up.weight,                  torch.bfloat16 --> BF16, shape = {5120, 17408}
INFO:hf-to-gguf:blk.9.post_attention_norm.weight,     torch.bfloat16 --> F32, shape = {5120}
INFO:hf-to-gguf:blk.16.attn_norm.weight,              torch.bfloat16 --> F32, shape = {5120}
INFO:hf-to-gguf:blk.16.ssm_a,                         torch.bfloat16 --> F32, shape = {48}
INFO:hf-to-gguf:blk.16.ssm_conv1d.weight,             torch.bfloat16 --> F32, shape = {4, 10240}
INFO:hf-to-gguf:blk.16.ssm_dt.bias,                   torch.bfloat16 --> F32, shape = {48}
INFO:hf-to-gguf:blk.16.ssm_alpha.weight,              torch.bfloat16 --> BF16, shape = {5120, 48}
INFO:hf-to-gguf:blk.16.ssm_beta.weight,               torch.bfloat16 --> BF16, shape = {5120, 48}
INFO:hf-to-gguf:blk.16.attn_qkv.weight,               torch.bfloat16 --> BF16, shape = {5120, 10240}
INFO:hf-to-gguf:blk.16.attn_gate.weight,              torch.bfloat16 --> BF16, shape = {5120, 6144}
INFO:hf-to-gguf:blk.16.ssm_norm.weight,               torch.bfloat16 --> F32, shape = {128}
INFO:hf-to-gguf:blk.16.ssm_out.weight,                torch.bfloat16 --> BF16, shape = {6144, 5120}
INFO:hf-to-gguf:blk.16.ffn_down.weight,               torch.bfloat16 --> BF16, shape = {17408, 5120}
INFO:hf-to-gguf:blk.16.ffn_gate.weight,               torch.bfloat16 --> BF16, shape = {5120, 17408}
INFO:hf-to-gguf:blk.16.ffn_up.weight,                 torch.bfloat16 --> BF16, shape = {5120, 17408}
INFO:hf-to-gguf:blk.16.post_attention_norm.weight,    torch.bfloat16 --> F32, shape = {5120}
INFO:hf-to-gguf:blk.17.attn_norm.weight,              torch.bfloat16 --> F32, shape = {5120}
INFO:hf-to-gguf:blk.17.ssm_a,                         torch.bfloat16 --> F32, shape = {48}
INFO:hf-to-gguf:blk.17.ssm_conv1d.weight,             torch.bfloat16 --> F32, shape = {4, 10240}
INFO:hf-to-gguf:blk.17.ssm_dt.bias,                   torch.bfloat16 --> F32, shape = {48}
INFO:hf-to-gguf:blk.17.ssm_alpha.weight,              torch.bfloat16 --> BF16, shape = {5120, 48}
INFO:hf-to-gguf:blk.17.ssm_beta.weight,               torch.bfloat16 --> BF16, shape = {5120, 48}
INFO:hf-to-gguf:blk.17.attn_qkv.weight,               torch.bfloat16 --> BF16, shape = {5120, 10240}
INFO:hf-to-gguf:blk.17.attn_gate.weight,              torch.bfloat16 --> BF16, shape = {5120, 6144}
INFO:hf-to-gguf:blk.17.ssm_norm.weight,               torch.bfloat16 --> F32, shape = {128}
INFO:hf-to-gguf:blk.17.ssm_out.weight,                torch.bfloat16 --> BF16, shape = {6144, 5120}
INFO:hf-to-gguf:blk.17.ffn_down.weight,               torch.bfloat16 --> BF16, shape = {17408, 5120}
INFO:hf-to-gguf:blk.17.ffn_gate.weight,               torch.bfloat16 --> BF16, shape = {5120, 17408}
INFO:hf-to-gguf:blk.17.ffn_up.weight,                 torch.bfloat16 --> BF16, shape = {5120, 17408}
INFO:hf-to-gguf:blk.17.post_attention_norm.weight,    torch.bfloat16 --> F32, shape = {5120}
INFO:hf-to-gguf:blk.18.attn_norm.weight,              torch.bfloat16 --> F32, shape = {5120}
INFO:hf-to-gguf:blk.18.ssm_a,                         torch.bfloat16 --> F32, shape = {48}
INFO:hf-to-gguf:blk.18.ssm_conv1d.weight,             torch.bfloat16 --> F32, shape = {4, 10240}
INFO:hf-to-gguf:blk.18.ssm_dt.bias,                   torch.bfloat16 --> F32, shape = {48}
INFO:hf-to-gguf:blk.18.ssm_alpha.weight,              torch.bfloat16 --> BF16, shape = {5120, 48}
INFO:hf-to-gguf:blk.18.ssm_beta.weight,               torch.bfloat16 --> BF16, shape = {5120, 48}
INFO:hf-to-gguf:blk.18.attn_qkv.weight,               torch.bfloat16 --> BF16, shape = {5120, 10240}
INFO:hf-to-gguf:blk.18.attn_gate.weight,              torch.bfloat16 --> BF16, shape = {5120, 6144}
INFO:hf-to-gguf:blk.18.ssm_norm.weight,               torch.bfloat16 --> F32, shape = {128}
INFO:hf-to-gguf:blk.18.ssm_out.weight,                torch.bfloat16 --> BF16, shape = {6144, 5120}
INFO:hf-to-gguf:blk.18.ffn_down.weight,               torch.bfloat16 --> BF16, shape = {17408, 5120}
INFO:hf-to-gguf:blk.18.ffn_gate.weight,               torch.bfloat16 --> BF16, shape = {5120, 17408}
INFO:hf-to-gguf:blk.18.ffn_up.weight,                 torch.bfloat16 --> BF16, shape = {5120, 17408}
INFO:hf-to-gguf:blk.18.post_attention_norm.weight,    torch.bfloat16 --> F32, shape = {5120}
INFO:hf-to-gguf:blk.19.attn_norm.weight,              torch.bfloat16 --> F32, shape = {5120}
INFO:hf-to-gguf:blk.19.ffn_down.weight,               torch.bfloat16 --> BF16, shape = {17408, 5120}
INFO:hf-to-gguf:blk.19.ffn_gate.weight,               torch.bfloat16 --> BF16, shape = {5120, 17408}
INFO:hf-to-gguf:blk.19.ffn_up.weight,                 torch.bfloat16 --> BF16, shape = {5120, 17408}
INFO:hf-to-gguf:blk.19.post_attention_norm.weight,    torch.bfloat16 --> F32, shape = {5120}
INFO:hf-to-gguf:blk.19.attn_k_norm.weight,            torch.bfloat16 --> F32, shape = {256}
INFO:hf-to-gguf:blk.19.attn_k.weight,                 torch.bfloat16 --> BF16, shape = {5120, 1024}
INFO:hf-to-gguf:blk.19.attn_output.weight,            torch.bfloat16 --> BF16, shape = {6144, 5120}
INFO:hf-to-gguf:blk.19.attn_q_norm.weight,            torch.bfloat16 --> F32, shape = {256}
INFO:hf-to-gguf:blk.19.attn_q.weight,                 torch.bfloat16 --> BF16, shape = {5120, 12288}
INFO:hf-to-gguf:blk.19.attn_v.weight,                 torch.bfloat16 --> BF16, shape = {5120, 1024}
INFO:hf-to-gguf:blk.20.attn_norm.weight,              torch.bfloat16 --> F32, shape = {5120}
INFO:hf-to-gguf:blk.20.ssm_a,                         torch.bfloat16 --> F32, shape = {48}
INFO:hf-to-gguf:blk.20.ssm_conv1d.weight,             torch.bfloat16 --> F32, shape = {4, 10240}
INFO:hf-to-gguf:blk.20.ssm_dt.bias,                   torch.bfloat16 --> F32, shape = {48}
INFO:hf-to-gguf:blk.20.ssm_alpha.weight,              torch.bfloat16 --> BF16, shape = {5120, 48}
INFO:hf-to-gguf:blk.20.ssm_beta.weight,               torch.bfloat16 --> BF16, shape = {5120, 48}
INFO:hf-to-gguf:blk.20.attn_qkv.weight,               torch.bfloat16 --> BF16, shape = {5120, 10240}
INFO:hf-to-gguf:blk.20.attn_gate.weight,              torch.bfloat16 --> BF16, shape = {5120, 6144}
INFO:hf-to-gguf:blk.20.ssm_norm.weight,               torch.bfloat16 --> F32, shape = {128}
INFO:hf-to-gguf:blk.20.ssm_out.weight,                torch.bfloat16 --> BF16, shape = {6144, 5120}
INFO:hf-to-gguf:blk.20.ffn_down.weight,               torch.bfloat16 --> BF16, shape = {17408, 5120}
INFO:hf-to-gguf:blk.20.ffn_gate.weight,               torch.bfloat16 --> BF16, shape = {5120, 17408}
INFO:hf-to-gguf:blk.20.ffn_up.weight,                 torch.bfloat16 --> BF16, shape = {5120, 17408}
INFO:hf-to-gguf:blk.20.post_attention_norm.weight,    torch.bfloat16 --> F32, shape = {5120}
INFO:hf-to-gguf:blk.21.attn_norm.weight,              torch.bfloat16 --> F32, shape = {5120}
INFO:hf-to-gguf:blk.21.ssm_a,                         torch.bfloat16 --> F32, shape = {48}
INFO:hf-to-gguf:blk.21.ssm_conv1d.weight,             torch.bfloat16 --> F32, shape = {4, 10240}
INFO:hf-to-gguf:blk.21.ssm_dt.bias,                   torch.bfloat16 --> F32, shape = {48}
INFO:hf-to-gguf:blk.21.ssm_alpha.weight,              torch.bfloat16 --> BF16, shape = {5120, 48}
INFO:hf-to-gguf:blk.21.ssm_beta.weight,               torch.bfloat16 --> BF16, shape = {5120, 48}
INFO:hf-to-gguf:blk.21.attn_qkv.weight,               torch.bfloat16 --> BF16, shape = {5120, 10240}
INFO:hf-to-gguf:blk.21.attn_gate.weight,              torch.bfloat16 --> BF16, shape = {5120, 6144}
INFO:hf-to-gguf:blk.21.ssm_norm.weight,               torch.bfloat16 --> F32, shape = {128}
INFO:hf-to-gguf:blk.21.ssm_out.weight,                torch.bfloat16 --> BF16, shape = {6144, 5120}
INFO:hf-to-gguf:blk.21.ffn_down.weight,               torch.bfloat16 --> BF16, shape = {17408, 5120}
INFO:hf-to-gguf:blk.21.ffn_gate.weight,               torch.bfloat16 --> BF16, shape = {5120, 17408}
INFO:hf-to-gguf:blk.21.ffn_up.weight,                 torch.bfloat16 --> BF16, shape = {5120, 17408}
INFO:hf-to-gguf:blk.21.post_attention_norm.weight,    torch.bfloat16 --> F32, shape = {5120}
INFO:hf-to-gguf:blk.22.attn_norm.weight,              torch.bfloat16 --> F32, shape = {5120}
INFO:hf-to-gguf:blk.22.ssm_a,                         torch.bfloat16 --> F32, shape = {48}
INFO:hf-to-gguf:blk.22.ssm_conv1d.weight,             torch.bfloat16 --> F32, shape = {4, 10240}
INFO:hf-to-gguf:blk.22.ssm_dt.bias,                   torch.bfloat16 --> F32, shape = {48}
INFO:hf-to-gguf:blk.22.ssm_alpha.weight,              torch.bfloat16 --> BF16, shape = {5120, 48}
INFO:hf-to-gguf:blk.22.ssm_beta.weight,               torch.bfloat16 --> BF16, shape = {5120, 48}
INFO:hf-to-gguf:blk.22.attn_qkv.weight,               torch.bfloat16 --> BF16, shape = {5120, 10240}
INFO:hf-to-gguf:blk.22.attn_gate.weight,              torch.bfloat16 --> BF16, shape = {5120, 6144}
INFO:hf-to-gguf:blk.22.ssm_norm.weight,               torch.bfloat16 --> F32, shape = {128}
INFO:hf-to-gguf:blk.22.ssm_out.weight,                torch.bfloat16 --> BF16, shape = {6144, 5120}
INFO:hf-to-gguf:blk.22.ffn_down.weight,               torch.bfloat16 --> BF16, shape = {17408, 5120}
INFO:hf-to-gguf:blk.22.ffn_gate.weight,               torch.bfloat16 --> BF16, shape = {5120, 17408}
INFO:hf-to-gguf:blk.22.ffn_up.weight,                 torch.bfloat16 --> BF16, shape = {5120, 17408}
INFO:hf-to-gguf:blk.22.post_attention_norm.weight,    torch.bfloat16 --> F32, shape = {5120}
INFO:hf-to-gguf:blk.23.attn_norm.weight,              torch.bfloat16 --> F32, shape = {5120}
INFO:hf-to-gguf:blk.23.ffn_down.weight,               torch.bfloat16 --> BF16, shape = {17408, 5120}
INFO:hf-to-gguf:blk.23.ffn_gate.weight,               torch.bfloat16 --> BF16, shape = {5120, 17408}
INFO:hf-to-gguf:blk.23.ffn_up.weight,                 torch.bfloat16 --> BF16, shape = {5120, 17408}
INFO:hf-to-gguf:blk.23.post_attention_norm.weight,    torch.bfloat16 --> F32, shape = {5120}
INFO:hf-to-gguf:blk.23.attn_k_norm.weight,            torch.bfloat16 --> F32, shape = {256}
INFO:hf-to-gguf:blk.23.attn_k.weight,                 torch.bfloat16 --> BF16, shape = {5120, 1024}
INFO:hf-to-gguf:blk.23.attn_output.weight,            torch.bfloat16 --> BF16, shape = {6144, 5120}
INFO:hf-to-gguf:blk.23.attn_q_norm.weight,            torch.bfloat16 --> F32, shape = {256}
INFO:hf-to-gguf:blk.23.attn_q.weight,                 torch.bfloat16 --> BF16, shape = {5120, 12288}
INFO:hf-to-gguf:blk.23.attn_v.weight,                 torch.bfloat16 --> BF16, shape = {5120, 1024}
INFO:hf-to-gguf:blk.24.attn_norm.weight,              torch.bfloat16 --> F32, shape = {5120}
INFO:hf-to-gguf:blk.24.ssm_a,                         torch.bfloat16 --> F32, shape = {48}
INFO:hf-to-gguf:blk.24.ssm_conv1d.weight,             torch.bfloat16 --> F32, shape = {4, 10240}
INFO:hf-to-gguf:blk.24.ssm_dt.bias,                   torch.bfloat16 --> F32, shape = {48}
INFO:hf-to-gguf:blk.24.ssm_alpha.weight,              torch.bfloat16 --> BF16, shape = {5120, 48}
INFO:hf-to-gguf:blk.24.ssm_beta.weight,               torch.bfloat16 --> BF16, shape = {5120, 48}
INFO:hf-to-gguf:blk.24.attn_qkv.weight,               torch.bfloat16 --> BF16, shape = {5120, 10240}
INFO:hf-to-gguf:blk.24.attn_gate.weight,              torch.bfloat16 --> BF16, shape = {5120, 6144}
INFO:hf-to-gguf:blk.24.ssm_norm.weight,               torch.bfloat16 --> F32, shape = {128}
INFO:hf-to-gguf:blk.24.ssm_out.weight,                torch.bfloat16 --> BF16, shape = {6144, 5120}
INFO:hf-to-gguf:blk.24.ffn_down.weight,               torch.bfloat16 --> BF16, shape = {17408, 5120}
INFO:hf-to-gguf:blk.24.ffn_gate.weight,               torch.bfloat16 --> BF16, shape = {5120, 17408}
INFO:hf-to-gguf:blk.24.ffn_up.weight,                 torch.bfloat16 --> BF16, shape = {5120, 17408}
INFO:hf-to-gguf:blk.24.post_attention_norm.weight,    torch.bfloat16 --> F32, shape = {5120}
INFO:hf-to-gguf:blk.25.attn_norm.weight,              torch.bfloat16 --> F32, shape = {5120}
INFO:hf-to-gguf:blk.25.ssm_a,                         torch.bfloat16 --> F32, shape = {48}
INFO:hf-to-gguf:blk.25.ssm_conv1d.weight,             torch.bfloat16 --> F32, shape = {4, 10240}
INFO:hf-to-gguf:blk.25.ssm_dt.bias,                   torch.bfloat16 --> F32, shape = {48}
INFO:hf-to-gguf:blk.25.ssm_alpha.weight,              torch.bfloat16 --> BF16, shape = {5120, 48}
INFO:hf-to-gguf:blk.25.ssm_beta.weight,               torch.bfloat16 --> BF16, shape = {5120, 48}
INFO:hf-to-gguf:blk.25.attn_qkv.weight,               torch.bfloat16 --> BF16, shape = {5120, 10240}
INFO:hf-to-gguf:blk.25.attn_gate.weight,              torch.bfloat16 --> BF16, shape = {5120, 6144}
INFO:hf-to-gguf:blk.25.ssm_norm.weight,               torch.bfloat16 --> F32, shape = {128}
INFO:hf-to-gguf:blk.25.ssm_out.weight,                torch.bfloat16 --> BF16, shape = {6144, 5120}
INFO:hf-to-gguf:blk.25.ffn_down.weight,               torch.bfloat16 --> BF16, shape = {17408, 5120}
INFO:hf-to-gguf:blk.25.ffn_gate.weight,               torch.bfloat16 --> BF16, shape = {5120, 17408}
INFO:hf-to-gguf:blk.25.ffn_up.weight,                 torch.bfloat16 --> BF16, shape = {5120, 17408}
INFO:hf-to-gguf:blk.25.post_attention_norm.weight,    torch.bfloat16 --> F32, shape = {5120}
INFO:hf-to-gguf:blk.26.attn_norm.weight,              torch.bfloat16 --> F32, shape = {5120}
INFO:hf-to-gguf:blk.26.ssm_a,                         torch.bfloat16 --> F32, shape = {48}
INFO:hf-to-gguf:blk.26.ssm_conv1d.weight,             torch.bfloat16 --> F32, shape = {4, 10240}
INFO:hf-to-gguf:blk.26.ssm_dt.bias,                   torch.bfloat16 --> F32, shape = {48}
INFO:hf-to-gguf:blk.26.ssm_alpha.weight,              torch.bfloat16 --> BF16, shape = {5120, 48}
INFO:hf-to-gguf:blk.26.ssm_beta.weight,               torch.bfloat16 --> BF16, shape = {5120, 48}
INFO:hf-to-gguf:blk.26.attn_qkv.weight,               torch.bfloat16 --> BF16, shape = {5120, 10240}
INFO:hf-to-gguf:blk.26.attn_gate.weight,              torch.bfloat16 --> BF16, shape = {5120, 6144}
INFO:hf-to-gguf:blk.26.ssm_norm.weight,               torch.bfloat16 --> F32, shape = {128}
INFO:hf-to-gguf:blk.26.ssm_out.weight,                torch.bfloat16 --> BF16, shape = {6144, 5120}
INFO:hf-to-gguf:blk.26.ffn_down.weight,               torch.bfloat16 --> BF16, shape = {17408, 5120}
INFO:hf-to-gguf:blk.26.ffn_gate.weight,               torch.bfloat16 --> BF16, shape = {5120, 17408}
INFO:hf-to-gguf:blk.26.ffn_up.weight,                 torch.bfloat16 --> BF16, shape = {5120, 17408}
INFO:hf-to-gguf:blk.26.post_attention_norm.weight,    torch.bfloat16 --> F32, shape = {5120}
INFO:hf-to-gguf:blk.27.attn_norm.weight,              torch.bfloat16 --> F32, shape = {5120}
INFO:hf-to-gguf:blk.27.ffn_down.weight,               torch.bfloat16 --> BF16, shape = {17408, 5120}
INFO:hf-to-gguf:blk.27.ffn_gate.weight,               torch.bfloat16 --> BF16, shape = {5120, 17408}
INFO:hf-to-gguf:blk.27.ffn_up.weight,                 torch.bfloat16 --> BF16, shape = {5120, 17408}
INFO:hf-to-gguf:blk.27.post_attention_norm.weight,    torch.bfloat16 --> F32, shape = {5120}
INFO:hf-to-gguf:blk.27.attn_k_norm.weight,            torch.bfloat16 --> F32, shape = {256}
INFO:hf-to-gguf:blk.27.attn_k.weight,                 torch.bfloat16 --> BF16, shape = {5120, 1024}
INFO:hf-to-gguf:blk.27.attn_output.weight,            torch.bfloat16 --> BF16, shape = {6144, 5120}
INFO:hf-to-gguf:blk.27.attn_q_norm.weight,            torch.bfloat16 --> F32, shape = {256}
INFO:hf-to-gguf:blk.27.attn_q.weight,                 torch.bfloat16 --> BF16, shape = {5120, 12288}
INFO:hf-to-gguf:blk.27.attn_v.weight,                 torch.bfloat16 --> BF16, shape = {5120, 1024}
INFO:hf-to-gguf:blk.28.attn_norm.weight,              torch.bfloat16 --> F32, shape = {5120}
INFO:hf-to-gguf:blk.28.ssm_a,                         torch.bfloat16 --> F32, shape = {48}
INFO:hf-to-gguf:blk.28.ssm_conv1d.weight,             torch.bfloat16 --> F32, shape = {4, 10240}
INFO:hf-to-gguf:blk.28.ssm_dt.bias,                   torch.bfloat16 --> F32, shape = {48}
INFO:hf-to-gguf:blk.28.ssm_alpha.weight,              torch.bfloat16 --> BF16, shape = {5120, 48}
INFO:hf-to-gguf:blk.28.ssm_beta.weight,               torch.bfloat16 --> BF16, shape = {5120, 48}
INFO:hf-to-gguf:blk.28.attn_qkv.weight,               torch.bfloat16 --> BF16, shape = {5120, 10240}
INFO:hf-to-gguf:blk.28.attn_gate.weight,              torch.bfloat16 --> BF16, shape = {5120, 6144}
INFO:hf-to-gguf:blk.28.ssm_norm.weight,               torch.bfloat16 --> F32, shape = {128}
INFO:hf-to-gguf:blk.28.ssm_out.weight,                torch.bfloat16 --> BF16, shape = {6144, 5120}
INFO:hf-to-gguf:blk.28.ffn_down.weight,               torch.bfloat16 --> BF16, shape = {17408, 5120}
INFO:hf-to-gguf:blk.28.ffn_gate.weight,               torch.bfloat16 --> BF16, shape = {5120, 17408}
INFO:hf-to-gguf:blk.28.ffn_up.weight,                 torch.bfloat16 --> BF16, shape = {5120, 17408}
INFO:hf-to-gguf:blk.28.post_attention_norm.weight,    torch.bfloat16 --> F32, shape = {5120}
INFO:hf-to-gguf:blk.29.attn_norm.weight,              torch.bfloat16 --> F32, shape = {5120}
INFO:hf-to-gguf:blk.29.ssm_a,                         torch.bfloat16 --> F32, shape = {48}
INFO:hf-to-gguf:blk.29.ssm_conv1d.weight,             torch.bfloat16 --> F32, shape = {4, 10240}
INFO:hf-to-gguf:blk.29.ssm_dt.bias,                   torch.bfloat16 --> F32, shape = {48}
INFO:hf-to-gguf:blk.29.ssm_alpha.weight,              torch.bfloat16 --> BF16, shape = {5120, 48}
INFO:hf-to-gguf:blk.29.ssm_beta.weight,               torch.bfloat16 --> BF16, shape = {5120, 48}
INFO:hf-to-gguf:blk.29.attn_qkv.weight,               torch.bfloat16 --> BF16, shape = {5120, 10240}
INFO:hf-to-gguf:blk.29.attn_gate.weight,              torch.bfloat16 --> BF16, shape = {5120, 6144}
INFO:hf-to-gguf:blk.29.ssm_norm.weight,               torch.bfloat16 --> F32, shape = {128}
INFO:hf-to-gguf:blk.29.ssm_out.weight,                torch.bfloat16 --> BF16, shape = {6144, 5120}
INFO:hf-to-gguf:blk.29.ffn_down.weight,               torch.bfloat16 --> BF16, shape = {17408, 5120}
INFO:hf-to-gguf:blk.29.ffn_gate.weight,               torch.bfloat16 --> BF16, shape = {5120, 17408}
INFO:hf-to-gguf:blk.29.ffn_up.weight,                 torch.bfloat16 --> BF16, shape = {5120, 17408}
INFO:hf-to-gguf:blk.29.post_attention_norm.weight,    torch.bfloat16 --> F32, shape = {5120}
INFO:hf-to-gguf:blk.30.attn_norm.weight,              torch.bfloat16 --> F32, shape = {5120}
INFO:hf-to-gguf:blk.30.ssm_a,                         torch.bfloat16 --> F32, shape = {48}
INFO:hf-to-gguf:blk.30.ssm_conv1d.weight,             torch.bfloat16 --> F32, shape = {4, 10240}
INFO:hf-to-gguf:blk.30.ssm_dt.bias,                   torch.bfloat16 --> F32, shape = {48}
INFO:hf-to-gguf:blk.30.ssm_alpha.weight,              torch.bfloat16 --> BF16, shape = {5120, 48}
INFO:hf-to-gguf:blk.30.ssm_beta.weight,               torch.bfloat16 --> BF16, shape = {5120, 48}
INFO:hf-to-gguf:blk.30.attn_qkv.weight,               torch.bfloat16 --> BF16, shape = {5120, 10240}
INFO:hf-to-gguf:blk.30.attn_gate.weight,              torch.bfloat16 --> BF16, shape = {5120, 6144}
INFO:hf-to-gguf:blk.30.ssm_norm.weight,               torch.bfloat16 --> F32, shape = {128}
INFO:hf-to-gguf:blk.30.ssm_out.weight,                torch.bfloat16 --> BF16, shape = {6144, 5120}
INFO:hf-to-gguf:blk.30.ffn_down.weight,               torch.bfloat16 --> BF16, shape = {17408, 5120}
INFO:hf-to-gguf:blk.30.ffn_gate.weight,               torch.bfloat16 --> BF16, shape = {5120, 17408}
INFO:hf-to-gguf:blk.30.ffn_up.weight,                 torch.bfloat16 --> BF16, shape = {5120, 17408}
INFO:hf-to-gguf:blk.30.post_attention_norm.weight,    torch.bfloat16 --> F32, shape = {5120}
INFO:hf-to-gguf:blk.31.attn_norm.weight,              torch.bfloat16 --> F32, shape = {5120}
INFO:hf-to-gguf:blk.31.ffn_down.weight,               torch.bfloat16 --> BF16, shape = {17408, 5120}
INFO:hf-to-gguf:blk.31.ffn_gate.weight,               torch.bfloat16 --> BF16, shape = {5120, 17408}
INFO:hf-to-gguf:blk.31.ffn_up.weight,                 torch.bfloat16 --> BF16, shape = {5120, 17408}
INFO:hf-to-gguf:blk.31.post_attention_norm.weight,    torch.bfloat16 --> F32, shape = {5120}
INFO:hf-to-gguf:blk.31.attn_k_norm.weight,            torch.bfloat16 --> F32, shape = {256}
INFO:hf-to-gguf:blk.31.attn_k.weight,                 torch.bfloat16 --> BF16, shape = {5120, 1024}
INFO:hf-to-gguf:blk.31.attn_output.weight,            torch.bfloat16 --> BF16, shape = {6144, 5120}
INFO:hf-to-gguf:blk.31.attn_q_norm.weight,            torch.bfloat16 --> F32, shape = {256}
INFO:hf-to-gguf:blk.31.attn_q.weight,                 torch.bfloat16 --> BF16, shape = {5120, 12288}
INFO:hf-to-gguf:blk.31.attn_v.weight,                 torch.bfloat16 --> BF16, shape = {5120, 1024}
INFO:hf-to-gguf:blk.32.attn_norm.weight,              torch.bfloat16 --> F32, shape = {5120}
INFO:hf-to-gguf:blk.32.ssm_a,                         torch.bfloat16 --> F32, shape = {48}
INFO:hf-to-gguf:blk.32.ssm_conv1d.weight,             torch.bfloat16 --> F32, shape = {4, 10240}
INFO:hf-to-gguf:blk.32.ssm_dt.bias,                   torch.bfloat16 --> F32, shape = {48}
INFO:hf-to-gguf:blk.32.ssm_alpha.weight,              torch.bfloat16 --> BF16, shape = {5120, 48}
INFO:hf-to-gguf:blk.32.ssm_beta.weight,               torch.bfloat16 --> BF16, shape = {5120, 48}
INFO:hf-to-gguf:blk.32.attn_qkv.weight,               torch.bfloat16 --> BF16, shape = {5120, 10240}
INFO:hf-to-gguf:blk.32.attn_gate.weight,              torch.bfloat16 --> BF16, shape = {5120, 6144}
INFO:hf-to-gguf:blk.32.ssm_norm.weight,               torch.bfloat16 --> F32, shape = {128}
INFO:hf-to-gguf:blk.32.ssm_out.weight,                torch.bfloat16 --> BF16, shape = {6144, 5120}
INFO:hf-to-gguf:blk.32.ffn_down.weight,               torch.bfloat16 --> BF16, shape = {17408, 5120}
INFO:hf-to-gguf:blk.32.ffn_gate.weight,               torch.bfloat16 --> BF16, shape = {5120, 17408}
INFO:hf-to-gguf:blk.32.ffn_up.weight,                 torch.bfloat16 --> BF16, shape = {5120, 17408}
INFO:hf-to-gguf:blk.32.post_attention_norm.weight,    torch.bfloat16 --> F32, shape = {5120}
INFO:hf-to-gguf:blk.33.attn_norm.weight,              torch.bfloat16 --> F32, shape = {5120}
INFO:hf-to-gguf:blk.33.ssm_a,                         torch.bfloat16 --> F32, shape = {48}
INFO:hf-to-gguf:blk.33.ssm_conv1d.weight,             torch.bfloat16 --> F32, shape = {4, 10240}
INFO:hf-to-gguf:blk.33.ssm_dt.bias,                   torch.bfloat16 --> F32, shape = {48}
INFO:hf-to-gguf:blk.33.ssm_alpha.weight,              torch.bfloat16 --> BF16, shape = {5120, 48}
INFO:hf-to-gguf:blk.33.ssm_beta.weight,               torch.bfloat16 --> BF16, shape = {5120, 48}
INFO:hf-to-gguf:blk.33.attn_qkv.weight,               torch.bfloat16 --> BF16, shape = {5120, 10240}
INFO:hf-to-gguf:blk.33.attn_gate.weight,              torch.bfloat16 --> BF16, shape = {5120, 6144}
INFO:hf-to-gguf:blk.33.ssm_norm.weight,               torch.bfloat16 --> F32, shape = {128}
INFO:hf-to-gguf:blk.33.ssm_out.weight,                torch.bfloat16 --> BF16, shape = {6144, 5120}
INFO:hf-to-gguf:blk.33.ffn_down.weight,               torch.bfloat16 --> BF16, shape = {17408, 5120}
INFO:hf-to-gguf:blk.33.ffn_gate.weight,               torch.bfloat16 --> BF16, shape = {5120, 17408}
INFO:hf-to-gguf:blk.33.ffn_up.weight,                 torch.bfloat16 --> BF16, shape = {5120, 17408}
INFO:hf-to-gguf:blk.33.post_attention_norm.weight,    torch.bfloat16 --> F32, shape = {5120}
INFO:hf-to-gguf:blk.34.attn_norm.weight,              torch.bfloat16 --> F32, shape = {5120}
INFO:hf-to-gguf:blk.34.ssm_a,                         torch.bfloat16 --> F32, shape = {48}
INFO:hf-to-gguf:blk.34.ssm_conv1d.weight,             torch.bfloat16 --> F32, shape = {4, 10240}
INFO:hf-to-gguf:blk.34.ssm_dt.bias,                   torch.bfloat16 --> F32, shape = {48}
INFO:hf-to-gguf:blk.34.ssm_alpha.weight,              torch.bfloat16 --> BF16, shape = {5120, 48}
INFO:hf-to-gguf:blk.34.ssm_beta.weight,               torch.bfloat16 --> BF16, shape = {5120, 48}
INFO:hf-to-gguf:blk.34.attn_qkv.weight,               torch.bfloat16 --> BF16, shape = {5120, 10240}
INFO:hf-to-gguf:blk.34.attn_gate.weight,              torch.bfloat16 --> BF16, shape = {5120, 6144}
INFO:hf-to-gguf:blk.34.ssm_norm.weight,               torch.bfloat16 --> F32, shape = {128}
INFO:hf-to-gguf:blk.34.ssm_out.weight,                torch.bfloat16 --> BF16, shape = {6144, 5120}
INFO:hf-to-gguf:blk.34.ffn_down.weight,               torch.bfloat16 --> BF16, shape = {17408, 5120}
INFO:hf-to-gguf:blk.34.ffn_gate.weight,               torch.bfloat16 --> BF16, shape = {5120, 17408}
INFO:hf-to-gguf:blk.34.ffn_up.weight,                 torch.bfloat16 --> BF16, shape = {5120, 17408}
INFO:hf-to-gguf:blk.34.post_attention_norm.weight,    torch.bfloat16 --> F32, shape = {5120}
INFO:hf-to-gguf:blk.35.attn_norm.weight,              torch.bfloat16 --> F32, shape = {5120}
INFO:hf-to-gguf:blk.35.ffn_down.weight,               torch.bfloat16 --> BF16, shape = {17408, 5120}
INFO:hf-to-gguf:blk.35.ffn_gate.weight,               torch.bfloat16 --> BF16, shape = {5120, 17408}
INFO:hf-to-gguf:blk.35.ffn_up.weight,                 torch.bfloat16 --> BF16, shape = {5120, 17408}
INFO:hf-to-gguf:blk.35.post_attention_norm.weight,    torch.bfloat16 --> F32, shape = {5120}
INFO:hf-to-gguf:blk.35.attn_k_norm.weight,            torch.bfloat16 --> F32, shape = {256}
INFO:hf-to-gguf:blk.35.attn_k.weight,                 torch.bfloat16 --> BF16, shape = {5120, 1024}
INFO:hf-to-gguf:blk.35.attn_output.weight,            torch.bfloat16 --> BF16, shape = {6144, 5120}
INFO:hf-to-gguf:blk.35.attn_q_norm.weight,            torch.bfloat16 --> F32, shape = {256}
INFO:hf-to-gguf:blk.35.attn_q.weight,                 torch.bfloat16 --> BF16, shape = {5120, 12288}
INFO:hf-to-gguf:blk.35.attn_v.weight,                 torch.bfloat16 --> BF16, shape = {5120, 1024}
INFO:hf-to-gguf:blk.36.attn_norm.weight,              torch.bfloat16 --> F32, shape = {5120}
INFO:hf-to-gguf:blk.36.ssm_a,                         torch.bfloat16 --> F32, shape = {48}
INFO:hf-to-gguf:blk.36.ssm_conv1d.weight,             torch.bfloat16 --> F32, shape = {4, 10240}
INFO:hf-to-gguf:blk.36.ssm_dt.bias,                   torch.bfloat16 --> F32, shape = {48}
INFO:hf-to-gguf:blk.36.ssm_alpha.weight,              torch.bfloat16 --> BF16, shape = {5120, 48}
INFO:hf-to-gguf:blk.36.ssm_beta.weight,               torch.bfloat16 --> BF16, shape = {5120, 48}
INFO:hf-to-gguf:blk.36.attn_qkv.weight,               torch.bfloat16 --> BF16, shape = {5120, 10240}
INFO:hf-to-gguf:blk.36.attn_gate.weight,              torch.bfloat16 --> BF16, shape = {5120, 6144}
INFO:hf-to-gguf:blk.36.ssm_norm.weight,               torch.bfloat16 --> F32, shape = {128}
INFO:hf-to-gguf:blk.36.ssm_out.weight,                torch.bfloat16 --> BF16, shape = {6144, 5120}
INFO:hf-to-gguf:blk.36.ffn_down.weight,               torch.bfloat16 --> BF16, shape = {17408, 5120}
INFO:hf-to-gguf:blk.36.ffn_gate.weight,               torch.bfloat16 --> BF16, shape = {5120, 17408}
INFO:hf-to-gguf:blk.36.ffn_up.weight,                 torch.bfloat16 --> BF16, shape = {5120, 17408}
INFO:hf-to-gguf:blk.36.post_attention_norm.weight,    torch.bfloat16 --> F32, shape = {5120}
INFO:hf-to-gguf:blk.37.attn_norm.weight,              torch.bfloat16 --> F32, shape = {5120}
INFO:hf-to-gguf:blk.37.ssm_a,                         torch.bfloat16 --> F32, shape = {48}
INFO:hf-to-gguf:blk.37.ssm_conv1d.weight,             torch.bfloat16 --> F32, shape = {4, 10240}
INFO:hf-to-gguf:blk.37.ssm_dt.bias,                   torch.bfloat16 --> F32, shape = {48}
INFO:hf-to-gguf:blk.37.ssm_alpha.weight,              torch.bfloat16 --> BF16, shape = {5120, 48}
INFO:hf-to-gguf:blk.37.ssm_beta.weight,               torch.bfloat16 --> BF16, shape = {5120, 48}
INFO:hf-to-gguf:blk.37.attn_qkv.weight,               torch.bfloat16 --> BF16, shape = {5120, 10240}
INFO:hf-to-gguf:blk.37.attn_gate.weight,              torch.bfloat16 --> BF16, shape = {5120, 6144}
INFO:hf-to-gguf:blk.37.ssm_norm.weight,               torch.bfloat16 --> F32, shape = {128}
INFO:hf-to-gguf:blk.37.ssm_out.weight,                torch.bfloat16 --> BF16, shape = {6144, 5120}
INFO:hf-to-gguf:blk.37.ffn_down.weight,               torch.bfloat16 --> BF16, shape = {17408, 5120}
INFO:hf-to-gguf:blk.37.ffn_gate.weight,               torch.bfloat16 --> BF16, shape = {5120, 17408}
INFO:hf-to-gguf:blk.37.ffn_up.weight,                 torch.bfloat16 --> BF16, shape = {5120, 17408}
INFO:hf-to-gguf:blk.37.post_attention_norm.weight,    torch.bfloat16 --> F32, shape = {5120}
INFO:hf-to-gguf:blk.38.attn_norm.weight,              torch.bfloat16 --> F32, shape = {5120}
INFO:hf-to-gguf:blk.38.ssm_a,                         torch.bfloat16 --> F32, shape = {48}
INFO:hf-to-gguf:blk.38.ssm_conv1d.weight,             torch.bfloat16 --> F32, shape = {4, 10240}
INFO:hf-to-gguf:blk.38.ssm_dt.bias,                   torch.bfloat16 --> F32, shape = {48}
INFO:hf-to-gguf:blk.38.ssm_alpha.weight,              torch.bfloat16 --> BF16, shape = {5120, 48}
INFO:hf-to-gguf:blk.38.ssm_beta.weight,               torch.bfloat16 --> BF16, shape = {5120, 48}
INFO:hf-to-gguf:blk.38.attn_qkv.weight,               torch.bfloat16 --> BF16, shape = {5120, 10240}
INFO:hf-to-gguf:blk.38.attn_gate.weight,              torch.bfloat16 --> BF16, shape = {5120, 6144}
INFO:hf-to-gguf:blk.38.ssm_norm.weight,               torch.bfloat16 --> F32, shape = {128}
INFO:hf-to-gguf:blk.38.ssm_out.weight,                torch.bfloat16 --> BF16, shape = {6144, 5120}
INFO:hf-to-gguf:blk.38.ffn_down.weight,               torch.bfloat16 --> BF16, shape = {17408, 5120}
INFO:hf-to-gguf:blk.38.ffn_gate.weight,               torch.bfloat16 --> BF16, shape = {5120, 17408}
INFO:hf-to-gguf:blk.38.ffn_up.weight,                 torch.bfloat16 --> BF16, shape = {5120, 17408}
INFO:hf-to-gguf:blk.38.post_attention_norm.weight,    torch.bfloat16 --> F32, shape = {5120}
INFO:hf-to-gguf:blk.39.attn_norm.weight,              torch.bfloat16 --> F32, shape = {5120}
INFO:hf-to-gguf:blk.39.ffn_down.weight,               torch.bfloat16 --> BF16, shape = {17408, 5120}
INFO:hf-to-gguf:blk.39.ffn_gate.weight,               torch.bfloat16 --> BF16, shape = {5120, 17408}
INFO:hf-to-gguf:blk.39.ffn_up.weight,                 torch.bfloat16 --> BF16, shape = {5120, 17408}
INFO:hf-to-gguf:blk.39.post_attention_norm.weight,    torch.bfloat16 --> F32, shape = {5120}
INFO:hf-to-gguf:blk.39.attn_k_norm.weight,            torch.bfloat16 --> F32, shape = {256}
INFO:hf-to-gguf:blk.39.attn_k.weight,                 torch.bfloat16 --> BF16, shape = {5120, 1024}
INFO:hf-to-gguf:blk.39.attn_output.weight,            torch.bfloat16 --> BF16, shape = {6144, 5120}
INFO:hf-to-gguf:blk.39.attn_q_norm.weight,            torch.bfloat16 --> F32, shape = {256}
INFO:hf-to-gguf:blk.39.attn_q.weight,                 torch.bfloat16 --> BF16, shape = {5120, 12288}
INFO:hf-to-gguf:blk.39.attn_v.weight,                 torch.bfloat16 --> BF16, shape = {5120, 1024}
INFO:hf-to-gguf:blk.40.attn_norm.weight,              torch.bfloat16 --> F32, shape = {5120}
INFO:hf-to-gguf:blk.40.ssm_a,                         torch.bfloat16 --> F32, shape = {48}
INFO:hf-to-gguf:blk.40.ssm_conv1d.weight,             torch.bfloat16 --> F32, shape = {4, 10240}
INFO:hf-to-gguf:blk.40.ssm_dt.bias,                   torch.bfloat16 --> F32, shape = {48}
INFO:hf-to-gguf:blk.40.ssm_alpha.weight,              torch.bfloat16 --> BF16, shape = {5120, 48}
INFO:hf-to-gguf:blk.40.ssm_beta.weight,               torch.bfloat16 --> BF16, shape = {5120, 48}
INFO:hf-to-gguf:blk.40.attn_qkv.weight,               torch.bfloat16 --> BF16, shape = {5120, 10240}
INFO:hf-to-gguf:blk.40.attn_gate.weight,              torch.bfloat16 --> BF16, shape = {5120, 6144}
INFO:hf-to-gguf:blk.40.ssm_norm.weight,               torch.bfloat16 --> F32, shape = {128}
INFO:hf-to-gguf:blk.40.ssm_out.weight,                torch.bfloat16 --> BF16, shape = {6144, 5120}
INFO:hf-to-gguf:blk.40.ffn_down.weight,               torch.bfloat16 --> BF16, shape = {17408, 5120}
INFO:hf-to-gguf:blk.40.ffn_gate.weight,               torch.bfloat16 --> BF16, shape = {5120, 17408}
INFO:hf-to-gguf:blk.40.ffn_up.weight,                 torch.bfloat16 --> BF16, shape = {5120, 17408}
INFO:hf-to-gguf:blk.40.post_attention_norm.weight,    torch.bfloat16 --> F32, shape = {5120}
INFO:hf-to-gguf:blk.41.attn_norm.weight,              torch.bfloat16 --> F32, shape = {5120}
INFO:hf-to-gguf:blk.41.ssm_a,                         torch.bfloat16 --> F32, shape = {48}
INFO:hf-to-gguf:blk.41.ssm_conv1d.weight,             torch.bfloat16 --> F32, shape = {4, 10240}
INFO:hf-to-gguf:blk.41.ssm_dt.bias,                   torch.bfloat16 --> F32, shape = {48}
INFO:hf-to-gguf:blk.41.ssm_alpha.weight,              torch.bfloat16 --> BF16, shape = {5120, 48}
INFO:hf-to-gguf:blk.41.ssm_beta.weight,               torch.bfloat16 --> BF16, shape = {5120, 48}
INFO:hf-to-gguf:blk.41.attn_qkv.weight,               torch.bfloat16 --> BF16, shape = {5120, 10240}
INFO:hf-to-gguf:blk.41.attn_gate.weight,              torch.bfloat16 --> BF16, shape = {5120, 6144}
INFO:hf-to-gguf:blk.41.ssm_norm.weight,               torch.bfloat16 --> F32, shape = {128}
INFO:hf-to-gguf:blk.41.ssm_out.weight,                torch.bfloat16 --> BF16, shape = {6144, 5120}
INFO:hf-to-gguf:blk.41.ffn_down.weight,               torch.bfloat16 --> BF16, shape = {17408, 5120}
INFO:hf-to-gguf:blk.41.ffn_gate.weight,               torch.bfloat16 --> BF16, shape = {5120, 17408}
INFO:hf-to-gguf:blk.41.ffn_up.weight,                 torch.bfloat16 --> BF16, shape = {5120, 17408}
INFO:hf-to-gguf:blk.41.post_attention_norm.weight,    torch.bfloat16 --> F32, shape = {5120}
INFO:hf-to-gguf:blk.42.attn_norm.weight,              torch.bfloat16 --> F32, shape = {5120}
INFO:hf-to-gguf:blk.42.ssm_a,                         torch.bfloat16 --> F32, shape = {48}
INFO:hf-to-gguf:blk.42.ssm_conv1d.weight,             torch.bfloat16 --> F32, shape = {4, 10240}
INFO:hf-to-gguf:blk.42.ssm_dt.bias,                   torch.bfloat16 --> F32, shape = {48}
INFO:hf-to-gguf:blk.42.ssm_alpha.weight,              torch.bfloat16 --> BF16, shape = {5120, 48}
INFO:hf-to-gguf:blk.42.ssm_beta.weight,               torch.bfloat16 --> BF16, shape = {5120, 48}
INFO:hf-to-gguf:blk.42.attn_qkv.weight,               torch.bfloat16 --> BF16, shape = {5120, 10240}
INFO:hf-to-gguf:blk.42.attn_gate.weight,              torch.bfloat16 --> BF16, shape = {5120, 6144}
INFO:hf-to-gguf:blk.42.ssm_norm.weight,               torch.bfloat16 --> F32, shape = {128}
INFO:hf-to-gguf:blk.42.ssm_out.weight,                torch.bfloat16 --> BF16, shape = {6144, 5120}
INFO:hf-to-gguf:blk.42.ffn_down.weight,               torch.bfloat16 --> BF16, shape = {17408, 5120}
INFO:hf-to-gguf:blk.42.ffn_gate.weight,               torch.bfloat16 --> BF16, shape = {5120, 17408}
INFO:hf-to-gguf:blk.42.ffn_up.weight,                 torch.bfloat16 --> BF16, shape = {5120, 17408}
INFO:hf-to-gguf:blk.42.post_attention_norm.weight,    torch.bfloat16 --> F32, shape = {5120}
INFO:hf-to-gguf:blk.43.attn_norm.weight,              torch.bfloat16 --> F32, shape = {5120}
INFO:hf-to-gguf:blk.43.ffn_down.weight,               torch.bfloat16 --> BF16, shape = {17408, 5120}
INFO:hf-to-gguf:blk.43.ffn_gate.weight,               torch.bfloat16 --> BF16, shape = {5120, 17408}
INFO:hf-to-gguf:blk.43.ffn_up.weight,                 torch.bfloat16 --> BF16, shape = {5120, 17408}
INFO:hf-to-gguf:blk.43.post_attention_norm.weight,    torch.bfloat16 --> F32, shape = {5120}
INFO:hf-to-gguf:blk.43.attn_k_norm.weight,            torch.bfloat16 --> F32, shape = {256}
INFO:hf-to-gguf:blk.43.attn_k.weight,                 torch.bfloat16 --> BF16, shape = {5120, 1024}
INFO:hf-to-gguf:blk.43.attn_output.weight,            torch.bfloat16 --> BF16, shape = {6144, 5120}
INFO:hf-to-gguf:blk.43.attn_q_norm.weight,            torch.bfloat16 --> F32, shape = {256}
INFO:hf-to-gguf:blk.43.attn_q.weight,                 torch.bfloat16 --> BF16, shape = {5120, 12288}
INFO:hf-to-gguf:blk.43.attn_v.weight,                 torch.bfloat16 --> BF16, shape = {5120, 1024}
INFO:hf-to-gguf:blk.44.attn_norm.weight,              torch.bfloat16 --> F32, shape = {5120}
INFO:hf-to-gguf:blk.44.ssm_a,                         torch.bfloat16 --> F32, shape = {48}
INFO:hf-to-gguf:blk.44.ssm_conv1d.weight,             torch.bfloat16 --> F32, shape = {4, 10240}
INFO:hf-to-gguf:blk.44.ssm_dt.bias,                   torch.bfloat16 --> F32, shape = {48}
INFO:hf-to-gguf:blk.44.ssm_alpha.weight,              torch.bfloat16 --> BF16, shape = {5120, 48}
INFO:hf-to-gguf:blk.44.ssm_beta.weight,               torch.bfloat16 --> BF16, shape = {5120, 48}
INFO:hf-to-gguf:blk.44.attn_qkv.weight,               torch.bfloat16 --> BF16, shape = {5120, 10240}
INFO:hf-to-gguf:blk.44.attn_gate.weight,              torch.bfloat16 --> BF16, shape = {5120, 6144}
INFO:hf-to-gguf:blk.44.ssm_norm.weight,               torch.bfloat16 --> F32, shape = {128}
INFO:hf-to-gguf:blk.44.ssm_out.weight,                torch.bfloat16 --> BF16, shape = {6144, 5120}
INFO:hf-to-gguf:blk.44.ffn_down.weight,               torch.bfloat16 --> BF16, shape = {17408, 5120}
INFO:hf-to-gguf:blk.44.ffn_gate.weight,               torch.bfloat16 --> BF16, shape = {5120, 17408}
INFO:hf-to-gguf:blk.44.ffn_up.weight,                 torch.bfloat16 --> BF16, shape = {5120, 17408}
INFO:hf-to-gguf:blk.44.post_attention_norm.weight,    torch.bfloat16 --> F32, shape = {5120}
INFO:hf-to-gguf:blk.45.attn_norm.weight,              torch.bfloat16 --> F32, shape = {5120}
INFO:hf-to-gguf:blk.45.ssm_a,                         torch.bfloat16 --> F32, shape = {48}
INFO:hf-to-gguf:blk.45.ssm_conv1d.weight,             torch.bfloat16 --> F32, shape = {4, 10240}
INFO:hf-to-gguf:blk.45.ssm_dt.bias,                   torch.bfloat16 --> F32, shape = {48}
INFO:hf-to-gguf:blk.45.ssm_alpha.weight,              torch.bfloat16 --> BF16, shape = {5120, 48}
INFO:hf-to-gguf:blk.45.ssm_beta.weight,               torch.bfloat16 --> BF16, shape = {5120, 48}
INFO:hf-to-gguf:blk.45.attn_qkv.weight,               torch.bfloat16 --> BF16, shape = {5120, 10240}
INFO:hf-to-gguf:blk.45.attn_gate.weight,              torch.bfloat16 --> BF16, shape = {5120, 6144}
INFO:hf-to-gguf:blk.45.ssm_norm.weight,               torch.bfloat16 --> F32, shape = {128}
INFO:hf-to-gguf:blk.45.ssm_out.weight,                torch.bfloat16 --> BF16, shape = {6144, 5120}
INFO:hf-to-gguf:blk.45.ffn_down.weight,               torch.bfloat16 --> BF16, shape = {17408, 5120}
INFO:hf-to-gguf:blk.45.ffn_gate.weight,               torch.bfloat16 --> BF16, shape = {5120, 17408}
INFO:hf-to-gguf:blk.45.ffn_up.weight,                 torch.bfloat16 --> BF16, shape = {5120, 17408}
INFO:hf-to-gguf:blk.45.post_attention_norm.weight,    torch.bfloat16 --> F32, shape = {5120}
INFO:hf-to-gguf:blk.46.attn_norm.weight,              torch.bfloat16 --> F32, shape = {5120}
INFO:hf-to-gguf:blk.46.ssm_a,                         torch.bfloat16 --> F32, shape = {48}
INFO:hf-to-gguf:blk.46.ssm_conv1d.weight,             torch.bfloat16 --> F32, shape = {4, 10240}
INFO:hf-to-gguf:blk.46.ssm_dt.bias,                   torch.bfloat16 --> F32, shape = {48}
INFO:hf-to-gguf:blk.46.ssm_alpha.weight,              torch.bfloat16 --> BF16, shape = {5120, 48}
INFO:hf-to-gguf:blk.46.ssm_beta.weight,               torch.bfloat16 --> BF16, shape = {5120, 48}
INFO:hf-to-gguf:blk.46.attn_qkv.weight,               torch.bfloat16 --> BF16, shape = {5120, 10240}
INFO:hf-to-gguf:blk.46.attn_gate.weight,              torch.bfloat16 --> BF16, shape = {5120, 6144}
INFO:hf-to-gguf:blk.46.ssm_norm.weight,               torch.bfloat16 --> F32, shape = {128}
INFO:hf-to-gguf:blk.46.ssm_out.weight,                torch.bfloat16 --> BF16, shape = {6144, 5120}
INFO:hf-to-gguf:blk.46.ffn_down.weight,               torch.bfloat16 --> BF16, shape = {17408, 5120}
INFO:hf-to-gguf:blk.46.ffn_gate.weight,               torch.bfloat16 --> BF16, shape = {5120, 17408}
INFO:hf-to-gguf:blk.46.ffn_up.weight,                 torch.bfloat16 --> BF16, shape = {5120, 17408}
INFO:hf-to-gguf:blk.46.post_attention_norm.weight,    torch.bfloat16 --> F32, shape = {5120}
INFO:hf-to-gguf:blk.47.attn_norm.weight,              torch.bfloat16 --> F32, shape = {5120}
INFO:hf-to-gguf:blk.47.ffn_down.weight,               torch.bfloat16 --> BF16, shape = {17408, 5120}
INFO:hf-to-gguf:blk.47.ffn_gate.weight,               torch.bfloat16 --> BF16, shape = {5120, 17408}
INFO:hf-to-gguf:blk.47.ffn_up.weight,                 torch.bfloat16 --> BF16, shape = {5120, 17408}
INFO:hf-to-gguf:blk.47.post_attention_norm.weight,    torch.bfloat16 --> F32, shape = {5120}
INFO:hf-to-gguf:blk.47.attn_k_norm.weight,            torch.bfloat16 --> F32, shape = {256}
INFO:hf-to-gguf:blk.47.attn_k.weight,                 torch.bfloat16 --> BF16, shape = {5120, 1024}
INFO:hf-to-gguf:blk.47.attn_output.weight,            torch.bfloat16 --> BF16, shape = {6144, 5120}
INFO:hf-to-gguf:blk.47.attn_q_norm.weight,            torch.bfloat16 --> F32, shape = {256}
INFO:hf-to-gguf:blk.47.attn_q.weight,                 torch.bfloat16 --> BF16, shape = {5120, 12288}
INFO:hf-to-gguf:blk.47.attn_v.weight,                 torch.bfloat16 --> BF16, shape = {5120, 1024}
INFO:hf-to-gguf:blk.48.attn_norm.weight,              torch.bfloat16 --> F32, shape = {5120}
INFO:hf-to-gguf:blk.48.ssm_a,                         torch.bfloat16 --> F32, shape = {48}
INFO:hf-to-gguf:blk.48.ssm_conv1d.weight,             torch.bfloat16 --> F32, shape = {4, 10240}
INFO:hf-to-gguf:blk.48.ssm_dt.bias,                   torch.bfloat16 --> F32, shape = {48}
INFO:hf-to-gguf:blk.48.ssm_alpha.weight,              torch.bfloat16 --> BF16, shape = {5120, 48}
INFO:hf-to-gguf:blk.48.ssm_beta.weight,               torch.bfloat16 --> BF16, shape = {5120, 48}
INFO:hf-to-gguf:blk.48.attn_qkv.weight,               torch.bfloat16 --> BF16, shape = {5120, 10240}
INFO:hf-to-gguf:blk.48.attn_gate.weight,              torch.bfloat16 --> BF16, shape = {5120, 6144}
INFO:hf-to-gguf:blk.48.ssm_norm.weight,               torch.bfloat16 --> F32, shape = {128}
INFO:hf-to-gguf:blk.48.ssm_out.weight,                torch.bfloat16 --> BF16, shape = {6144, 5120}
INFO:hf-to-gguf:blk.48.ffn_down.weight,               torch.bfloat16 --> BF16, shape = {17408, 5120}
INFO:hf-to-gguf:blk.48.ffn_gate.weight,               torch.bfloat16 --> BF16, shape = {5120, 17408}
INFO:hf-to-gguf:blk.48.ffn_up.weight,                 torch.bfloat16 --> BF16, shape = {5120, 17408}
INFO:hf-to-gguf:blk.48.post_attention_norm.weight,    torch.bfloat16 --> F32, shape = {5120}
INFO:hf-to-gguf:blk.49.attn_norm.weight,              torch.bfloat16 --> F32, shape = {5120}
INFO:hf-to-gguf:blk.49.ssm_a,                         torch.bfloat16 --> F32, shape = {48}
INFO:hf-to-gguf:blk.49.ssm_conv1d.weight,             torch.bfloat16 --> F32, shape = {4, 10240}
INFO:hf-to-gguf:blk.49.ssm_dt.bias,                   torch.bfloat16 --> F32, shape = {48}
INFO:hf-to-gguf:blk.49.ssm_alpha.weight,              torch.bfloat16 --> BF16, shape = {5120, 48}
INFO:hf-to-gguf:blk.49.ssm_beta.weight,               torch.bfloat16 --> BF16, shape = {5120, 48}
INFO:hf-to-gguf:blk.49.attn_qkv.weight,               torch.bfloat16 --> BF16, shape = {5120, 10240}
INFO:hf-to-gguf:blk.49.attn_gate.weight,              torch.bfloat16 --> BF16, shape = {5120, 6144}
INFO:hf-to-gguf:blk.49.ssm_norm.weight,               torch.bfloat16 --> F32, shape = {128}
INFO:hf-to-gguf:blk.49.ssm_out.weight,                torch.bfloat16 --> BF16, shape = {6144, 5120}
INFO:hf-to-gguf:blk.49.ffn_down.weight,               torch.bfloat16 --> BF16, shape = {17408, 5120}
INFO:hf-to-gguf:blk.49.ffn_gate.weight,               torch.bfloat16 --> BF16, shape = {5120, 17408}
INFO:hf-to-gguf:blk.49.ffn_up.weight,                 torch.bfloat16 --> BF16, shape = {5120, 17408}
INFO:hf-to-gguf:blk.49.post_attention_norm.weight,    torch.bfloat16 --> F32, shape = {5120}
INFO:hf-to-gguf:blk.50.attn_norm.weight,              torch.bfloat16 --> F32, shape = {5120}
INFO:hf-to-gguf:blk.50.ssm_a,                         torch.bfloat16 --> F32, shape = {48}
INFO:hf-to-gguf:blk.50.ssm_conv1d.weight,             torch.bfloat16 --> F32, shape = {4, 10240}
INFO:hf-to-gguf:blk.50.ssm_dt.bias,                   torch.bfloat16 --> F32, shape = {48}
INFO:hf-to-gguf:blk.50.ssm_alpha.weight,              torch.bfloat16 --> BF16, shape = {5120, 48}
INFO:hf-to-gguf:blk.50.ssm_beta.weight,               torch.bfloat16 --> BF16, shape = {5120, 48}
INFO:hf-to-gguf:blk.50.attn_qkv.weight,               torch.bfloat16 --> BF16, shape = {5120, 10240}
INFO:hf-to-gguf:blk.50.attn_gate.weight,              torch.bfloat16 --> BF16, shape = {5120, 6144}
INFO:hf-to-gguf:blk.50.ssm_norm.weight,               torch.bfloat16 --> F32, shape = {128}
INFO:hf-to-gguf:blk.50.ssm_out.weight,                torch.bfloat16 --> BF16, shape = {6144, 5120}
INFO:hf-to-gguf:blk.50.ffn_down.weight,               torch.bfloat16 --> BF16, shape = {17408, 5120}
INFO:hf-to-gguf:blk.50.ffn_gate.weight,               torch.bfloat16 --> BF16, shape = {5120, 17408}
INFO:hf-to-gguf:blk.50.ffn_up.weight,                 torch.bfloat16 --> BF16, shape = {5120, 17408}
INFO:hf-to-gguf:blk.50.post_attention_norm.weight,    torch.bfloat16 --> F32, shape = {5120}
INFO:hf-to-gguf:blk.51.attn_norm.weight,              torch.bfloat16 --> F32, shape = {5120}
INFO:hf-to-gguf:blk.51.ffn_down.weight,               torch.bfloat16 --> BF16, shape = {17408, 5120}
INFO:hf-to-gguf:blk.51.ffn_gate.weight,               torch.bfloat16 --> BF16, shape = {5120, 17408}
INFO:hf-to-gguf:blk.51.ffn_up.weight,                 torch.bfloat16 --> BF16, shape = {5120, 17408}
INFO:hf-to-gguf:blk.51.post_attention_norm.weight,    torch.bfloat16 --> F32, shape = {5120}
INFO:hf-to-gguf:blk.51.attn_k_norm.weight,            torch.bfloat16 --> F32, shape = {256}
INFO:hf-to-gguf:blk.51.attn_k.weight,                 torch.bfloat16 --> BF16, shape = {5120, 1024}
INFO:hf-to-gguf:blk.51.attn_output.weight,            torch.bfloat16 --> BF16, shape = {6144, 5120}
INFO:hf-to-gguf:blk.51.attn_q_norm.weight,            torch.bfloat16 --> F32, shape = {256}
INFO:hf-to-gguf:blk.51.attn_q.weight,                 torch.bfloat16 --> BF16, shape = {5120, 12288}
INFO:hf-to-gguf:blk.51.attn_v.weight,                 torch.bfloat16 --> BF16, shape = {5120, 1024}
INFO:hf-to-gguf:blk.52.attn_norm.weight,              torch.bfloat16 --> F32, shape = {5120}
INFO:hf-to-gguf:blk.52.ssm_a,                         torch.bfloat16 --> F32, shape = {48}
INFO:hf-to-gguf:blk.52.ssm_conv1d.weight,             torch.bfloat16 --> F32, shape = {4, 10240}
INFO:hf-to-gguf:blk.52.ssm_dt.bias,                   torch.bfloat16 --> F32, shape = {48}
INFO:hf-to-gguf:blk.52.ssm_alpha.weight,              torch.bfloat16 --> BF16, shape = {5120, 48}
INFO:hf-to-gguf:blk.52.ssm_beta.weight,               torch.bfloat16 --> BF16, shape = {5120, 48}
INFO:hf-to-gguf:blk.52.attn_qkv.weight,               torch.bfloat16 --> BF16, shape = {5120, 10240}
INFO:hf-to-gguf:blk.52.attn_gate.weight,              torch.bfloat16 --> BF16, shape = {5120, 6144}
INFO:hf-to-gguf:blk.52.ssm_norm.weight,               torch.bfloat16 --> F32, shape = {128}
INFO:hf-to-gguf:blk.52.ssm_out.weight,                torch.bfloat16 --> BF16, shape = {6144, 5120}
INFO:hf-to-gguf:blk.52.ffn_down.weight,               torch.bfloat16 --> BF16, shape = {17408, 5120}
INFO:hf-to-gguf:blk.52.ffn_gate.weight,               torch.bfloat16 --> BF16, shape = {5120, 17408}
INFO:hf-to-gguf:blk.52.ffn_up.weight,                 torch.bfloat16 --> BF16, shape = {5120, 17408}
INFO:hf-to-gguf:blk.52.post_attention_norm.weight,    torch.bfloat16 --> F32, shape = {5120}
INFO:hf-to-gguf:blk.53.attn_norm.weight,              torch.bfloat16 --> F32, shape = {5120}
INFO:hf-to-gguf:blk.53.ssm_a,                         torch.bfloat16 --> F32, shape = {48}
INFO:hf-to-gguf:blk.53.ssm_conv1d.weight,             torch.bfloat16 --> F32, shape = {4, 10240}
INFO:hf-to-gguf:blk.53.ssm_dt.bias,                   torch.bfloat16 --> F32, shape = {48}
INFO:hf-to-gguf:blk.53.ssm_alpha.weight,              torch.bfloat16 --> BF16, shape = {5120, 48}
INFO:hf-to-gguf:blk.53.ssm_beta.weight,               torch.bfloat16 --> BF16, shape = {5120, 48}
INFO:hf-to-gguf:blk.53.attn_qkv.weight,               torch.bfloat16 --> BF16, shape = {5120, 10240}
INFO:hf-to-gguf:blk.53.attn_gate.weight,              torch.bfloat16 --> BF16, shape = {5120, 6144}
INFO:hf-to-gguf:blk.53.ssm_norm.weight,               torch.bfloat16 --> F32, shape = {128}
INFO:hf-to-gguf:blk.53.ssm_out.weight,                torch.bfloat16 --> BF16, shape = {6144, 5120}
INFO:hf-to-gguf:blk.53.ffn_down.weight,               torch.bfloat16 --> BF16, shape = {17408, 5120}
INFO:hf-to-gguf:blk.53.ffn_gate.weight,               torch.bfloat16 --> BF16, shape = {5120, 17408}
INFO:hf-to-gguf:blk.53.ffn_up.weight,                 torch.bfloat16 --> BF16, shape = {5120, 17408}
INFO:hf-to-gguf:blk.53.post_attention_norm.weight,    torch.bfloat16 --> F32, shape = {5120}
INFO:hf-to-gguf:blk.54.attn_norm.weight,              torch.bfloat16 --> F32, shape = {5120}
INFO:hf-to-gguf:blk.54.ssm_a,                         torch.bfloat16 --> F32, shape = {48}
INFO:hf-to-gguf:blk.54.ssm_conv1d.weight,             torch.bfloat16 --> F32, shape = {4, 10240}
INFO:hf-to-gguf:blk.54.ssm_dt.bias,                   torch.bfloat16 --> F32, shape = {48}
INFO:hf-to-gguf:blk.54.ssm_alpha.weight,              torch.bfloat16 --> BF16, shape = {5120, 48}
INFO:hf-to-gguf:blk.54.ssm_beta.weight,               torch.bfloat16 --> BF16, shape = {5120, 48}
INFO:hf-to-gguf:blk.54.attn_qkv.weight,               torch.bfloat16 --> BF16, shape = {5120, 10240}
INFO:hf-to-gguf:blk.54.attn_gate.weight,              torch.bfloat16 --> BF16, shape = {5120, 6144}
INFO:hf-to-gguf:blk.54.ssm_norm.weight,               torch.bfloat16 --> F32, shape = {128}
INFO:hf-to-gguf:blk.54.ssm_out.weight,                torch.bfloat16 --> BF16, shape = {6144, 5120}
INFO:hf-to-gguf:blk.54.ffn_down.weight,               torch.bfloat16 --> BF16, shape = {17408, 5120}
INFO:hf-to-gguf:blk.54.ffn_gate.weight,               torch.bfloat16 --> BF16, shape = {5120, 17408}
INFO:hf-to-gguf:blk.54.ffn_up.weight,                 torch.bfloat16 --> BF16, shape = {5120, 17408}
INFO:hf-to-gguf:blk.54.post_attention_norm.weight,    torch.bfloat16 --> F32, shape = {5120}
INFO:hf-to-gguf:blk.55.attn_norm.weight,              torch.bfloat16 --> F32, shape = {5120}
INFO:hf-to-gguf:blk.55.ffn_down.weight,               torch.bfloat16 --> BF16, shape = {17408, 5120}
INFO:hf-to-gguf:blk.55.ffn_gate.weight,               torch.bfloat16 --> BF16, shape = {5120, 17408}
INFO:hf-to-gguf:blk.55.ffn_up.weight,                 torch.bfloat16 --> BF16, shape = {5120, 17408}
INFO:hf-to-gguf:blk.55.post_attention_norm.weight,    torch.bfloat16 --> F32, shape = {5120}
INFO:hf-to-gguf:blk.55.attn_k_norm.weight,            torch.bfloat16 --> F32, shape = {256}
INFO:hf-to-gguf:blk.55.attn_k.weight,                 torch.bfloat16 --> BF16, shape = {5120, 1024}
INFO:hf-to-gguf:blk.55.attn_output.weight,            torch.bfloat16 --> BF16, shape = {6144, 5120}
INFO:hf-to-gguf:blk.55.attn_q_norm.weight,            torch.bfloat16 --> F32, shape = {256}
INFO:hf-to-gguf:blk.55.attn_q.weight,                 torch.bfloat16 --> BF16, shape = {5120, 12288}
INFO:hf-to-gguf:blk.55.attn_v.weight,                 torch.bfloat16 --> BF16, shape = {5120, 1024}
INFO:hf-to-gguf:blk.56.attn_norm.weight,              torch.bfloat16 --> F32, shape = {5120}
INFO:hf-to-gguf:blk.56.ssm_a,                         torch.bfloat16 --> F32, shape = {48}
INFO:hf-to-gguf:blk.56.ssm_conv1d.weight,             torch.bfloat16 --> F32, shape = {4, 10240}
INFO:hf-to-gguf:blk.56.ssm_dt.bias,                   torch.bfloat16 --> F32, shape = {48}
INFO:hf-to-gguf:blk.56.ssm_alpha.weight,              torch.bfloat16 --> BF16, shape = {5120, 48}
INFO:hf-to-gguf:blk.56.ssm_beta.weight,               torch.bfloat16 --> BF16, shape = {5120, 48}
INFO:hf-to-gguf:blk.56.attn_qkv.weight,               torch.bfloat16 --> BF16, shape = {5120, 10240}
INFO:hf-to-gguf:blk.56.attn_gate.weight,              torch.bfloat16 --> BF16, shape = {5120, 6144}
INFO:hf-to-gguf:blk.56.ssm_norm.weight,               torch.bfloat16 --> F32, shape = {128}
INFO:hf-to-gguf:blk.56.ssm_out.weight,                torch.bfloat16 --> BF16, shape = {6144, 5120}
INFO:hf-to-gguf:blk.56.ffn_down.weight,               torch.bfloat16 --> BF16, shape = {17408, 5120}
INFO:hf-to-gguf:blk.56.ffn_gate.weight,               torch.bfloat16 --> BF16, shape = {5120, 17408}
INFO:hf-to-gguf:blk.56.ffn_up.weight,                 torch.bfloat16 --> BF16, shape = {5120, 17408}
INFO:hf-to-gguf:blk.56.post_attention_norm.weight,    torch.bfloat16 --> F32, shape = {5120}
INFO:hf-to-gguf:blk.57.attn_norm.weight,              torch.bfloat16 --> F32, shape = {5120}
INFO:hf-to-gguf:blk.57.ssm_a,                         torch.bfloat16 --> F32, shape = {48}
INFO:hf-to-gguf:blk.57.ssm_conv1d.weight,             torch.bfloat16 --> F32, shape = {4, 10240}
INFO:hf-to-gguf:blk.57.ssm_dt.bias,                   torch.bfloat16 --> F32, shape = {48}
INFO:hf-to-gguf:blk.57.ssm_alpha.weight,              torch.bfloat16 --> BF16, shape = {5120, 48}
INFO:hf-to-gguf:blk.57.ssm_beta.weight,               torch.bfloat16 --> BF16, shape = {5120, 48}
INFO:hf-to-gguf:blk.57.attn_qkv.weight,               torch.bfloat16 --> BF16, shape = {5120, 10240}
INFO:hf-to-gguf:blk.57.attn_gate.weight,              torch.bfloat16 --> BF16, shape = {5120, 6144}
INFO:hf-to-gguf:blk.57.ssm_norm.weight,               torch.bfloat16 --> F32, shape = {128}
INFO:hf-to-gguf:blk.57.ssm_out.weight,                torch.bfloat16 --> BF16, shape = {6144, 5120}
INFO:hf-to-gguf:blk.57.ffn_down.weight,               torch.bfloat16 --> BF16, shape = {17408, 5120}
INFO:hf-to-gguf:blk.57.ffn_gate.weight,               torch.bfloat16 --> BF16, shape = {5120, 17408}
INFO:hf-to-gguf:blk.57.ffn_up.weight,                 torch.bfloat16 --> BF16, shape = {5120, 17408}
INFO:hf-to-gguf:blk.57.post_attention_norm.weight,    torch.bfloat16 --> F32, shape = {5120}
INFO:hf-to-gguf:blk.58.attn_norm.weight,              torch.bfloat16 --> F32, shape = {5120}
INFO:hf-to-gguf:blk.58.ssm_a,                         torch.bfloat16 --> F32, shape = {48}
INFO:hf-to-gguf:blk.58.ssm_conv1d.weight,             torch.bfloat16 --> F32, shape = {4, 10240}
INFO:hf-to-gguf:blk.58.ssm_dt.bias,                   torch.bfloat16 --> F32, shape = {48}
INFO:hf-to-gguf:blk.58.ssm_alpha.weight,              torch.bfloat16 --> BF16, shape = {5120, 48}
INFO:hf-to-gguf:blk.58.ssm_beta.weight,               torch.bfloat16 --> BF16, shape = {5120, 48}
INFO:hf-to-gguf:blk.58.attn_qkv.weight,               torch.bfloat16 --> BF16, shape = {5120, 10240}
INFO:hf-to-gguf:blk.58.attn_gate.weight,              torch.bfloat16 --> BF16, shape = {5120, 6144}
INFO:hf-to-gguf:blk.58.ssm_norm.weight,               torch.bfloat16 --> F32, shape = {128}
INFO:hf-to-gguf:blk.58.ssm_out.weight,                torch.bfloat16 --> BF16, shape = {6144, 5120}
INFO:hf-to-gguf:blk.58.ffn_down.weight,               torch.bfloat16 --> BF16, shape = {17408, 5120}
INFO:hf-to-gguf:blk.58.ffn_gate.weight,               torch.bfloat16 --> BF16, shape = {5120, 17408}
INFO:hf-to-gguf:blk.58.ffn_up.weight,                 torch.bfloat16 --> BF16, shape = {5120, 17408}
INFO:hf-to-gguf:blk.58.post_attention_norm.weight,    torch.bfloat16 --> F32, shape = {5120}
INFO:hf-to-gguf:blk.59.attn_norm.weight,              torch.bfloat16 --> F32, shape = {5120}
INFO:hf-to-gguf:blk.59.ffn_down.weight,               torch.bfloat16 --> BF16, shape = {17408, 5120}
INFO:hf-to-gguf:blk.59.ffn_gate.weight,               torch.bfloat16 --> BF16, shape = {5120, 17408}
INFO:hf-to-gguf:blk.59.ffn_up.weight,                 torch.bfloat16 --> BF16, shape = {5120, 17408}
INFO:hf-to-gguf:blk.59.post_attention_norm.weight,    torch.bfloat16 --> F32, shape = {5120}
INFO:hf-to-gguf:blk.59.attn_k_norm.weight,            torch.bfloat16 --> F32, shape = {256}
INFO:hf-to-gguf:blk.59.attn_k.weight,                 torch.bfloat16 --> BF16, shape = {5120, 1024}
INFO:hf-to-gguf:blk.59.attn_output.weight,            torch.bfloat16 --> BF16, shape = {6144, 5120}
INFO:hf-to-gguf:blk.59.attn_q_norm.weight,            torch.bfloat16 --> F32, shape = {256}
INFO:hf-to-gguf:blk.59.attn_q.weight,                 torch.bfloat16 --> BF16, shape = {5120, 12288}
INFO:hf-to-gguf:blk.59.attn_v.weight,                 torch.bfloat16 --> BF16, shape = {5120, 1024}
INFO:hf-to-gguf:blk.60.attn_norm.weight,              torch.bfloat16 --> F32, shape = {5120}
INFO:hf-to-gguf:blk.60.ssm_a,                         torch.bfloat16 --> F32, shape = {48}
INFO:hf-to-gguf:blk.60.ssm_conv1d.weight,             torch.bfloat16 --> F32, shape = {4, 10240}
INFO:hf-to-gguf:blk.60.ssm_dt.bias,                   torch.bfloat16 --> F32, shape = {48}
INFO:hf-to-gguf:blk.60.ssm_alpha.weight,              torch.bfloat16 --> BF16, shape = {5120, 48}
INFO:hf-to-gguf:blk.60.ssm_beta.weight,               torch.bfloat16 --> BF16, shape = {5120, 48}
INFO:hf-to-gguf:blk.60.attn_qkv.weight,               torch.bfloat16 --> BF16, shape = {5120, 10240}
INFO:hf-to-gguf:blk.60.attn_gate.weight,              torch.bfloat16 --> BF16, shape = {5120, 6144}
INFO:hf-to-gguf:blk.60.ssm_norm.weight,               torch.bfloat16 --> F32, shape = {128}
INFO:hf-to-gguf:blk.60.ssm_out.weight,                torch.bfloat16 --> BF16, shape = {6144, 5120}
INFO:hf-to-gguf:blk.60.ffn_down.weight,               torch.bfloat16 --> BF16, shape = {17408, 5120}
INFO:hf-to-gguf:blk.60.ffn_gate.weight,               torch.bfloat16 --> BF16, shape = {5120, 17408}
INFO:hf-to-gguf:blk.60.ffn_up.weight,                 torch.bfloat16 --> BF16, shape = {5120, 17408}
INFO:hf-to-gguf:blk.60.post_attention_norm.weight,    torch.bfloat16 --> F32, shape = {5120}
INFO:hf-to-gguf:blk.61.attn_norm.weight,              torch.bfloat16 --> F32, shape = {5120}
INFO:hf-to-gguf:blk.61.ssm_a,                         torch.bfloat16 --> F32, shape = {48}
INFO:hf-to-gguf:blk.61.ssm_conv1d.weight,             torch.bfloat16 --> F32, shape = {4, 10240}
INFO:hf-to-gguf:blk.61.ssm_dt.bias,                   torch.bfloat16 --> F32, shape = {48}
INFO:hf-to-gguf:blk.61.ssm_alpha.weight,              torch.bfloat16 --> BF16, shape = {5120, 48}
INFO:hf-to-gguf:blk.61.ssm_beta.weight,               torch.bfloat16 --> BF16, shape = {5120, 48}
INFO:hf-to-gguf:blk.61.attn_qkv.weight,               torch.bfloat16 --> BF16, shape = {5120, 10240}
INFO:hf-to-gguf:blk.61.attn_gate.weight,              torch.bfloat16 --> BF16, shape = {5120, 6144}
INFO:hf-to-gguf:blk.61.ssm_norm.weight,               torch.bfloat16 --> F32, shape = {128}
INFO:hf-to-gguf:output_norm.weight,                   torch.bfloat16 --> F32, shape = {5120}
INFO:hf-to-gguf:blk.61.ssm_out.weight,                torch.bfloat16 --> BF16, shape = {6144, 5120}
INFO:hf-to-gguf:blk.61.ffn_down.weight,               torch.bfloat16 --> BF16, shape = {17408, 5120}
INFO:hf-to-gguf:blk.61.ffn_gate.weight,               torch.bfloat16 --> BF16, shape = {5120, 17408}
INFO:hf-to-gguf:blk.61.ffn_up.weight,                 torch.bfloat16 --> BF16, shape = {5120, 17408}
INFO:hf-to-gguf:blk.61.post_attention_norm.weight,    torch.bfloat16 --> F32, shape = {5120}
INFO:hf-to-gguf:blk.62.attn_norm.weight,              torch.bfloat16 --> F32, shape = {5120}
INFO:hf-to-gguf:blk.62.ssm_a,                         torch.bfloat16 --> F32, shape = {48}
INFO:hf-to-gguf:blk.62.ssm_conv1d.weight,             torch.bfloat16 --> F32, shape = {4, 10240}
INFO:hf-to-gguf:blk.62.ssm_dt.bias,                   torch.bfloat16 --> F32, shape = {48}
INFO:hf-to-gguf:blk.62.ssm_alpha.weight,              torch.bfloat16 --> BF16, shape = {5120, 48}
INFO:hf-to-gguf:blk.62.ssm_beta.weight,               torch.bfloat16 --> BF16, shape = {5120, 48}
INFO:hf-to-gguf:blk.62.attn_qkv.weight,               torch.bfloat16 --> BF16, shape = {5120, 10240}
INFO:hf-to-gguf:blk.62.attn_gate.weight,              torch.bfloat16 --> BF16, shape = {5120, 6144}
INFO:hf-to-gguf:blk.62.ssm_norm.weight,               torch.bfloat16 --> F32, shape = {128}
INFO:hf-to-gguf:blk.62.ssm_out.weight,                torch.bfloat16 --> BF16, shape = {6144, 5120}
INFO:hf-to-gguf:blk.62.ffn_down.weight,               torch.bfloat16 --> BF16, shape = {17408, 5120}
INFO:hf-to-gguf:blk.62.ffn_gate.weight,               torch.bfloat16 --> BF16, shape = {5120, 17408}
INFO:hf-to-gguf:blk.62.ffn_up.weight,                 torch.bfloat16 --> BF16, shape = {5120, 17408}
INFO:hf-to-gguf:blk.62.post_attention_norm.weight,    torch.bfloat16 --> F32, shape = {5120}
INFO:hf-to-gguf:blk.63.attn_norm.weight,              torch.bfloat16 --> F32, shape = {5120}
INFO:hf-to-gguf:blk.63.ffn_down.weight,               torch.bfloat16 --> BF16, shape = {17408, 5120}
INFO:hf-to-gguf:blk.63.ffn_gate.weight,               torch.bfloat16 --> BF16, shape = {5120, 17408}
INFO:hf-to-gguf:blk.63.ffn_up.weight,                 torch.bfloat16 --> BF16, shape = {5120, 17408}
INFO:hf-to-gguf:blk.63.post_attention_norm.weight,    torch.bfloat16 --> F32, shape = {5120}
INFO:hf-to-gguf:blk.63.attn_k_norm.weight,            torch.bfloat16 --> F32, shape = {256}
INFO:hf-to-gguf:blk.63.attn_k.weight,                 torch.bfloat16 --> BF16, shape = {5120, 1024}
INFO:hf-to-gguf:blk.63.attn_output.weight,            torch.bfloat16 --> BF16, shape = {6144, 5120}
INFO:hf-to-gguf:blk.63.attn_q_norm.weight,            torch.bfloat16 --> F32, shape = {256}
INFO:hf-to-gguf:blk.63.attn_q.weight,                 torch.bfloat16 --> BF16, shape = {5120, 12288}
INFO:hf-to-gguf:blk.63.attn_v.weight,                 torch.bfloat16 --> BF16, shape = {5120, 1024}
INFO:hf-to-gguf:output.weight,                        torch.bfloat16 --> BF16, shape = {5120, 248320}
INFO:hf-to-gguf:blk.64.nextn.eh_proj.weight,          torch.bfloat16 --> BF16, shape = {10240, 5120}
INFO:hf-to-gguf:blk.64.attn_norm.weight,              torch.bfloat16 --> F32, shape = {5120}
INFO:hf-to-gguf:blk.64.ffn_down.weight,               torch.bfloat16 --> BF16, shape = {17408, 5120}
INFO:hf-to-gguf:blk.64.ffn_gate.weight,               torch.bfloat16 --> BF16, shape = {5120, 17408}
INFO:hf-to-gguf:blk.64.ffn_up.weight,                 torch.bfloat16 --> BF16, shape = {5120, 17408}
INFO:hf-to-gguf:blk.64.post_attention_norm.weight,    torch.bfloat16 --> F32, shape = {5120}
INFO:hf-to-gguf:blk.64.attn_k_norm.weight,            torch.bfloat16 --> F32, shape = {256}
INFO:hf-to-gguf:blk.64.attn_k.weight,                 torch.bfloat16 --> BF16, shape = {5120, 1024}
INFO:hf-to-gguf:blk.64.attn_output.weight,            torch.bfloat16 --> BF16, shape = {6144, 5120}
INFO:hf-to-gguf:blk.64.attn_q_norm.weight,            torch.bfloat16 --> F32, shape = {256}
INFO:hf-to-gguf:blk.64.attn_q.weight,                 torch.bfloat16 --> BF16, shape = {5120, 12288}
INFO:hf-to-gguf:blk.64.attn_v.weight,                 torch.bfloat16 --> BF16, shape = {5120, 1024}
INFO:hf-to-gguf:blk.64.nextn.shared_head_norm.weight, torch.bfloat16 --> F32, shape = {5120}
INFO:hf-to-gguf:blk.64.nextn.enorm.weight,            torch.bfloat16 --> F32, shape = {5120}
INFO:hf-to-gguf:blk.64.nextn.hnorm.weight,            torch.bfloat16 --> F32, shape = {5120}
INFO:hf-to-gguf:Set meta model
INFO:hf-to-gguf:Set model parameters
INFO:hf-to-gguf:gguf: context length = 262144
INFO:hf-to-gguf:gguf: embedding length = 5120
INFO:hf-to-gguf:gguf: feed forward length = 17408
INFO:hf-to-gguf:gguf: head count = 24
INFO:hf-to-gguf:gguf: key-value head count = 4
WARNING:hf-to-gguf:Unknown RoPE type: default
INFO:hf-to-gguf:gguf: rope scaling type = NONE
INFO:hf-to-gguf:gguf: mrope sections: [11, 11, 10, 0]
INFO:hf-to-gguf:gguf: rope theta = 10000000
INFO:hf-to-gguf:gguf: rms norm epsilon = 1e-06
INFO:hf-to-gguf:gguf: file type = 32
INFO:hf-to-gguf:Set model quantization version
INFO:hf-to-gguf:Set model tokenizer
INFO:gguf.vocab:Adding 247587 merge(s).
INFO:gguf.vocab:Setting special token type eos to 248046
INFO:gguf.vocab:Setting special token type pad to 248044
INFO:gguf.vocab:Setting special token type bos to 248044
INFO:gguf.vocab:Setting add_bos_token to False
INFO:gguf.vocab:Setting chat_template to {%- set image_count = namespace(value=0) %}
{%- set video_count = namespace(value=0) %}
{%- macro render_content(content, do_vision_count, is_system_content=false) %}
    {%- if content is string %}
        {{- content }}
    {%- elif content is iterable and content is not mapping %}
        {%- for item in content %}
            {%- if 'image' in item or 'image_url' in item or item.type == 'image' %}
                {%- if is_system_content %}
                    {{- raise_exception('System message cannot contain images.') }}
                {%- endif %}
                {%- if do_vision_count %}
                    {%- set image_count.value = image_count.value + 1 %}
                {%- endif %}
                {%- if add_vision_id %}
                    {{- 'Picture ' ~ image_count.value ~ ': ' }}
                {%- endif %}
                {{- '<|vision_start|><|image_pad|><|vision_end|>' }}
            {%- elif 'video' in item or item.type == 'video' %}
                {%- if is_system_content %}
                    {{- raise_exception('System message cannot contain videos.') }}
                {%- endif %}
                {%- if do_vision_count %}
                    {%- set video_count.value = video_count.value + 1 %}
                {%- endif %}
                {%- if add_vision_id %}
                    {{- 'Video ' ~ video_count.value ~ ': ' }}
                {%- endif %}
                {{- '<|vision_start|><|video_pad|><|vision_end|>' }}
            {%- elif 'text' in item %}
                {{- item.text }}
            {%- else %}
                {{- raise_exception('Unexpected item type in content.') }}
            {%- endif %}
        {%- endfor %}
    {%- elif content is none or content is undefined %}
        {{- '' }}
    {%- else %}
        {{- raise_exception('Unexpected content type.') }}
    {%- endif %}
{%- endmacro %}
{%- if not messages %}
    {{- raise_exception('No messages provided.') }}
{%- endif %}
{%- set reasoning_instructions = '' %}
{%- if enable_thinking is undefined or enable_thinking is true %}
    {%- set resolved_reasoning_effort = reasoning_effort|default('xhigh') %}
    {%- if resolved_reasoning_effort not in ('xhigh', 'medium', 'low') %}
        {{- raise_exception('Unexpected reasoning effort ' ~ reasoning_effort ~ '. Supported types are xhigh (default), medium, and low.') }}
    {%- endif %}
    {%- if resolved_reasoning_effort == 'xhigh' %}
        {%- set reasoning_instructions = 'Reasoning effort is set to xhigh. Please think carefully through the task, validate key assumptions, consider plausible alternatives, and prioritize correctness, consistency, and clarity in the final answer.' %}
    {%- elif resolved_reasoning_effort == 'low' %}
        {%- set reasoning_instructions = 'Reasoning effort is set to low. Keep your thinking brief and focused, moving directly to the conclusion without unnecessary elaboration.' %}
    {%- endif %}
{%- endif %}
{%- if tools and tools is iterable and tools is not mapping %}
    {{- '<|im_start|>system\n' }}
    {%- if reasoning_instructions %}
        {{- reasoning_instructions + '\n\n' }}
    {%- endif %}
    {{- "# Tools\n\nYou have access to the following functions:\n\n<tools>" }}
    {%- for tool in tools %}
        {{- "\n" }}
        {{- tool | tojson }}
    {%- endfor %}
    {{- "\n</tools>" }}
    {{- '\n\nIf you choose to call a function ONLY reply in the following format with NO suffix:\n\n<tool_call>\n<function=example_function_name>\n<parameter=example_parameter_1>\nvalue_1\n</parameter>\n<parameter=example_parameter_2>\nThis is the value for the second parameter\nthat can span\nmultiple lines\n</parameter>\n</function>\n</tool_call>\n\n<IMPORTANT>\nReminder:\n- Function calls MUST follow the specified format: an inner <function=...></function> block must be nested within <tool_call></tool_call> XML tags\n- Required parameters MUST be specified\n- You may provide optional reasoning for your function call in natural language BEFORE the function call, but NOT after\n- If there is no function call available, answer the question like normal with your current knowledge and do not tell the user about function calls\n</IMPORTANT>' }}
    {%- if messages[0].role == 'system' %}
        {%- set content = render_content(messages[0].content, false, true)|trim %}
        {%- if content %}
            {{- '\n\n' + content }}
        {%- endif %}
    {%- endif %}
    {{- '<|im_end|>\n' }}
{%- else %}
    {%- if messages[0].role == 'system' %}
        {%- set content = render_content(messages[0].content, false, true)|trim %}
        {%- if content %}
            {{- '<|im_start|>system\n' + (reasoning_instructions + '\n\n' if reasoning_instructions else '')  + content + '<|im_end|>\n' }}
        {%- elif reasoning_instructions %}
            {{- '<|im_start|>system\n' + reasoning_instructions + '<|im_end|>\n' }}
        {%- endif %}
    {%- elif reasoning_instructions %}
        {{- '<|im_start|>system\n' + reasoning_instructions + '<|im_end|>\n' }}
    {%- endif %}
{%- endif %}
{%- set ns = namespace(multi_step_tool=true, last_query_index=messages|length - 1) %}
{%- for message in messages[::-1] %}
    {%- set index = (messages|length - 1) - loop.index0 %}
    {%- if ns.multi_step_tool and message.role == "user" %}
        {%- set content = render_content(message.content, false)|trim %}
        {%- if not(content.startswith('<tool_response>') and content.endswith('</tool_response>')) %}
            {%- set ns.multi_step_tool = false %}
            {%- set ns.last_query_index = index %}
        {%- endif %}
    {%- endif %}
{%- endfor %}
{%- if ns.multi_step_tool %}
    {{- raise_exception('No user query found in messages.') }}
{%- endif %}
{%- for message in messages %}
    {%- set content = render_content(message.content, true)|trim %}
    {%- if message.role == "system" %}
        {%- if not loop.first %}
            {{- raise_exception('System message must be at the beginning.') }}
        {%- endif %}
    {%- elif message.role == "user" %}
        {{- '<|im_start|>' + message.role + '\n' + content + '<|im_end|>' + '\n' }}
    {%- elif message.role == "assistant" %}
        {%- set reasoning_content = '' %}
        {%- if message.reasoning_content is string %}
            {%- set reasoning_content = message.reasoning_content %}
        {%- endif %}
        {%- set reasoning_content = reasoning_content|trim %}
        {%- if preserve_thinking is undefined or preserve_thinking is true or loop.index0 > ns.last_query_index %}
            {{- '<|im_start|>' + message.role + '\n<think>\n' + reasoning_content + '\n</think>\n\n' + content }}
        {%- else %}
            {{- '<|im_start|>' + message.role + '\n' + content }}
        {%- endif %}
        {%- if message.tool_calls and message.tool_calls is iterable and message.tool_calls is not mapping %}
            {%- for tool_call in message.tool_calls %}
                {%- if tool_call.function is defined %}
                    {%- set tool_call = tool_call.function %}
                {%- endif %}
                {%- if loop.first %}
                    {%- if content|trim %}
                        {{- '\n\n<tool_call>\n<function=' + tool_call.name + '>\n' }}
                    {%- else %}
                        {{- '<tool_call>\n<function=' + tool_call.name + '>\n' }}
                    {%- endif %}
                {%- else %}
                    {{- '\n<tool_call>\n<function=' + tool_call.name + '>\n' }}
                {%- endif %}
                {%- if tool_call.arguments is defined and tool_call.arguments != '' %}
                    {%- for args_name, args_value in tool_call.arguments|items %}
                        {{- '<parameter=' + args_name + '>\n' }}
                        {%- set args_value = args_value | string if args_value is string else args_value | tojson | safe %}
                        {{- args_value }}
                        {{- '\n</parameter>\n' }}
                    {%- endfor %}
                {%- endif %}
                {{- '</function>\n</tool_call>' }}
            {%- endfor %}
        {%- endif %}
        {{- '<|im_end|>\n' }}
    {%- elif message.role == "tool" %}
        {%- if loop.previtem and loop.previtem.role != "tool" %}
            {{- '<|im_start|>user' }}
        {%- endif %}
        {{- '\n<tool_response>\n' }}
        {{- content }}
        {{- '\n</tool_response>' }}
        {%- if not loop.last and loop.nextitem.role != "tool" %}
            {{- '<|im_end|>\n' }}
        {%- elif loop.last %}
            {{- '<|im_end|>\n' }}
        {%- endif %}
    {%- else %}
        {{- raise_exception('Unexpected message role.') }}
    {%- endif %}
{%- endfor %}
{%- if add_generation_prompt %}
    {{- '<|im_start|>assistant\n' }}
    {%- if enable_thinking is defined and enable_thinking is false %}
        {{- '<think>\n\n</think>\n\n' }}
    {%- else %}
        {{- '<think>\n' }}
    {%- endif %}
{%- endif %}
INFO:gguf.gguf_writer:Writing the following files:
INFO:gguf.gguf_writer:/root/Qwen3.8-27B-quant/bf16_gguf/Qwen3.8-27B-BF16.gguf: n_tensors = 866, total_size = 54.6G

Writing:   0%|          | 0.00/54.6G [00:00<?, ?byte/s]
Writing:   0%|          | 185k/54.6G [00:00<8:18:45, 1.83Mbyte/s]
Writing:   0%|          | 106M/54.6G [00:00<05:39, 161Mbyte/s]   
Writing:   0%|          | 169M/54.6G [00:01<05:12, 174Mbyte/s]
Writing:   0%|          | 232M/54.6G [00:01<04:59, 182Mbyte/s]
Writing:   1%|          | 410M/54.6G [00:02<04:49, 187Mbyte/s]
Writing:   1%|          | 588M/54.6G [00:03<04:42, 191Mbyte/s]
Writing:   1%|▏         | 767M/54.6G [00:04<04:52, 184Mbyte/s]
Writing:   2%|▏         | 873M/54.6G [00:04<05:07, 175Mbyte/s]
Writing:   2%|▏         | 936M/54.6G [00:05<05:09, 174Mbyte/s]
Writing:   2%|▏         | 999M/54.6G [00:05<05:06, 175Mbyte/s]
Writing:   2%|▏         | 1.18G/54.6G [00:06<05:08, 174Mbyte/s]
Writing:   2%|▏         | 1.36G/54.6G [00:07<05:02, 176Mbyte/s]
Writing:   3%|▎         | 1.53G/54.6G [00:08<04:56, 179Mbyte/s]
Writing:   3%|▎         | 1.64G/54.6G [00:09<05:05, 173Mbyte/s]
Writing:   3%|▎         | 1.70G/54.6G [00:09<05:05, 173Mbyte/s]
Writing:   3%|▎         | 1.77G/54.6G [00:10<05:05, 173Mbyte/s]
Writing:   4%|▎         | 1.94G/54.6G [00:11<05:00, 175Mbyte/s]
Writing:   4%|▍         | 2.12G/54.6G [00:12<04:57, 177Mbyte/s]
Writing:   4%|▍         | 2.30G/54.6G [00:12<04:47, 182Mbyte/s]
Writing:   5%|▍         | 2.48G/54.6G [00:13<04:48, 181Mbyte/s]
Writing:   5%|▍         | 2.66G/54.6G [00:14<04:42, 184Mbyte/s]
Writing:   5%|▌         | 2.83G/54.6G [00:15<04:51, 178Mbyte/s]
Writing:   5%|▌         | 2.91G/54.6G [00:16<04:53, 176Mbyte/s]
Writing:   6%|▌         | 3.03G/54.6G [00:17<04:53, 176Mbyte/s]
Writing:   6%|▌         | 3.15G/54.6G [00:17<04:57, 173Mbyte/s]
Writing:   6%|▌         | 3.21G/54.6G [00:18<05:01, 171Mbyte/s]
Writing:   6%|▌         | 3.28G/54.6G [00:18<05:07, 167Mbyte/s]
Writing:   6%|▋         | 3.45G/54.6G [00:20<07:37, 112Mbyte/s]
Writing:   7%|▋         | 3.63G/54.6G [00:21<06:32, 130Mbyte/s]
Writing:   7%|▋         | 3.81G/54.6G [00:23<06:05, 139Mbyte/s]
Writing:   7%|▋         | 3.92G/54.6G [00:24<07:04, 120Mbyte/s]
Writing:   7%|▋         | 3.98G/54.6G [00:24<07:23, 114Mbyte/s]
Writing:   7%|▋         | 4.04G/54.6G [00:25<06:59, 121Mbyte/s]
Writing:   8%|▊         | 4.22G/54.6G [00:27<07:31, 112Mbyte/s]
Writing:   8%|▊         | 4.40G/54.6G [00:28<07:17, 115Mbyte/s]
Writing:   8%|▊         | 4.58G/54.6G [00:29<06:16, 133Mbyte/s]
Writing:   9%|▊         | 4.68G/54.6G [00:30<06:00, 138Mbyte/s]
Writing:   9%|▊         | 4.75G/54.6G [00:30<05:47, 144Mbyte/s]
Writing:   9%|▉         | 4.81G/54.6G [00:30<05:37, 148Mbyte/s]
Writing:   9%|▉         | 4.99G/54.6G [00:31<05:09, 160Mbyte/s]
Writing:   9%|▉         | 5.17G/54.6G [00:32<05:00, 165Mbyte/s]
Writing:  10%|▉         | 5.34G/54.6G [00:33<04:45, 173Mbyte/s]
Writing:  10%|█         | 5.52G/54.6G [00:35<05:44, 142Mbyte/s]
Writing:  10%|█         | 5.70G/54.6G [00:36<05:19, 153Mbyte/s]
Writing:  11%|█         | 5.88G/54.6G [00:37<05:06, 159Mbyte/s]
Writing:  11%|█         | 5.95G/54.6G [00:38<05:03, 160Mbyte/s]
Writing:  11%|█         | 6.08G/54.6G [00:38<04:47, 169Mbyte/s]
Writing:  11%|█         | 6.09G/54.6G [00:50<04:47, 169Mbyte/s]
Writing:  16%|█▌        | 8.63G/54.6G [00:52<04:07, 186Mbyte/s]
Writing:  16%|█▌        | 8.74G/54.6G [00:53<04:14, 181Mbyte/s]
Writing:  16%|█▌        | 8.80G/54.6G [00:53<04:15, 180Mbyte/s]
Writing:  16%|█▌        | 8.86G/54.6G [00:53<04:16, 179Mbyte/s]
Writing:  17%|█▋        | 9.04G/54.6G [00:54<04:16, 178Mbyte/s]
Writing:  17%|█▋        | 9.22G/54.6G [00:55<04:15, 178Mbyte/s]
Writing:  17%|█▋        | 9.40G/54.6G [00:56<04:14, 178Mbyte/s]
Writing:  18%|█▊        | 9.58G/54.6G [00:58<04:16, 175Mbyte/s]
Writing:  18%|█▊        | 9.75G/54.6G [00:59<04:15, 176Mbyte/s]
Writing:  18%|█▊        | 9.93G/54.6G [01:00<04:13, 177Mbyte/s]
Writing:  18%|█▊        | 10.0G/54.6G [01:00<04:13, 176Mbyte/s]
Writing:  19%|█▊        | 10.1G/54.6G [01:01<04:10, 178Mbyte/s]
Writing:  19%|█▉        | 10.2G/54.6G [01:01<04:18, 172Mbyte/s]
Writing:  19%|█▉        | 10.3G/54.6G [01:02<04:20, 170Mbyte/s]
Writing:  19%|█▉        | 10.4G/54.6G [01:02<04:21, 169Mbyte/s]
Writing:  19%|█▉        | 10.6G/54.6G [01:03<04:18, 171Mbyte/s]
Writing:  20%|█▉        | 10.7G/54.6G [01:04<04:11, 174Mbyte/s]
Writing:  20%|█▉        | 10.9G/54.6G [01:06<04:36, 158Mbyte/s]
Writing:  20%|██        | 11.0G/54.6G [01:06<04:37, 157Mbyte/s]
Writing:  20%|██        | 11.1G/54.6G [01:07<04:34, 158Mbyte/s]
Writing:  20%|██        | 11.1G/54.6G [01:07<04:31, 160Mbyte/s]
Writing:  21%|██        | 11.3G/54.6G [01:08<04:29, 161Mbyte/s]
Writing:  21%|██        | 11.5G/54.6G [01:09<04:12, 171Mbyte/s]
Writing:  21%|██▏       | 11.7G/54.6G [01:10<04:27, 161Mbyte/s]
Writing:  22%|██▏       | 11.8G/54.6G [01:11<04:30, 159Mbyte/s]
Writing:  22%|██▏       | 11.8G/54.6G [01:11<04:26, 160Mbyte/s]
Writing:  22%|██▏       | 11.9G/54.6G [01:12<04:26, 160Mbyte/s]
Writing:  22%|██▏       | 12.1G/54.6G [01:13<04:23, 162Mbyte/s]
Writing:  22%|██▏       | 12.3G/54.6G [01:14<04:09, 170Mbyte/s]
Writing:  23%|██▎       | 12.4G/54.6G [01:15<04:03, 173Mbyte/s]
Writing:  23%|██▎       | 12.6G/54.6G [01:16<04:03, 173Mbyte/s]
Writing:  23%|██▎       | 12.8G/54.6G [01:17<04:49, 144Mbyte/s]
Writing:  24%|██▎       | 13.0G/54.6G [01:18<04:33, 152Mbyte/s]
Writing:  24%|██▍       | 13.1G/54.6G [01:19<05:17, 131Mbyte/s]
Writing:  24%|██▍       | 13.2G/54.6G [01:21<06:15, 110Mbyte/s]
Writing:  24%|██▍       | 13.3G/54.6G [01:22<06:43, 103Mbyte/s]
Writing:  24%|██▍       | 13.4G/54.6G [01:23<06:49, 101Mbyte/s]
Writing:  25%|██▍       | 13.4G/54.6G [01:23<06:19, 109Mbyte/s]
Writing:  25%|██▍       | 13.6G/54.6G [01:25<06:18, 108Mbyte/s]
Writing:  25%|██▌       | 13.8G/54.6G [01:27<06:09, 111Mbyte/s]
Writing:  26%|██▌       | 14.0G/54.6G [01:28<05:31, 123Mbyte/s]
Writing:  26%|██▌       | 14.1G/54.6G [01:29<05:15, 128Mbyte/s]
Writing:  26%|██▌       | 14.1G/54.6G [01:29<05:01, 135Mbyte/s]
Writing:  26%|██▌       | 14.2G/54.6G [01:29<04:51, 139Mbyte/s]
Writing:  26%|██▋       | 14.4G/54.6G [01:30<04:27, 150Mbyte/s]
Writing:  27%|██▋       | 14.5G/54.6G [01:31<04:17, 156Mbyte/s]
Writing:  27%|██▋       | 14.7G/54.6G [01:32<04:01, 166Mbyte/s]
Writing:  27%|██▋       | 14.8G/54.6G [01:33<04:03, 163Mbyte/s]
Writing:  27%|██▋       | 14.9G/54.6G [01:33<04:01, 165Mbyte/s]
Writing:  27%|██▋       | 15.0G/54.6G [01:34<03:58, 167Mbyte/s]
Writing:  28%|██▊       | 15.1G/54.6G [01:35<03:53, 169Mbyte/s]
Writing:  28%|██▊       | 15.3G/54.6G [01:36<03:54, 168Mbyte/s]
Writing:  28%|██▊       | 15.5G/54.6G [01:37<04:14, 154Mbyte/s]
Writing:  29%|██▊       | 15.6G/54.6G [01:38<04:56, 132Mbyte/s]
Writing:  29%|██▊       | 15.7G/54.6G [01:39<05:22, 121Mbyte/s]
Writing:  29%|██▉       | 15.7G/54.6G [01:40<05:02, 129Mbyte/s]
Writing:  29%|██▉       | 15.9G/54.6G [01:41<04:44, 136Mbyte/s]
Writing:  29%|██▉       | 16.1G/54.6G [01:42<04:49, 133Mbyte/s]
Writing:  30%|██▉       | 16.3G/54.6G [01:44<05:03, 127Mbyte/s]
Writing:  30%|██▉       | 16.4G/54.6G [01:45<05:19, 120Mbyte/s]
Writing:  30%|███       | 16.4G/54.6G [01:45<05:02, 126Mbyte/s]
Writing:  30%|███       | 16.5G/54.6G [01:46<05:29, 116Mbyte/s]
Writing:  30%|███       | 16.7G/54.6G [01:47<04:34, 139Mbyte/s]
Writing:  31%|███       | 16.8G/54.6G [01:48<04:15, 148Mbyte/s]
Writing:  31%|███       | 17.0G/54.6G [01:49<03:52, 162Mbyte/s]
Writing:  31%|███▏      | 17.2G/54.6G [01:50<03:57, 158Mbyte/s]
Writing:  32%|███▏      | 17.4G/54.6G [01:51<04:16, 146Mbyte/s]
Writing:  32%|███▏      | 17.6G/54.6G [01:53<04:16, 144Mbyte/s]
Writing:  32%|███▏      | 17.6G/54.6G [01:53<04:05, 151Mbyte/s]
Writing:  32%|███▏      | 17.8G/54.6G [01:54<04:06, 150Mbyte/s]
Writing:  33%|███▎      | 17.9G/54.6G [01:55<04:48, 128Mbyte/s]
Writing:  33%|███▎      | 17.9G/54.6G [01:55<04:36, 133Mbyte/s]
Writing:  33%|███▎      | 18.0G/54.6G [01:56<05:23, 113Mbyte/s]
Writing:  33%|███▎      | 18.2G/54.6G [01:57<04:32, 134Mbyte/s]
Writing:  34%|███▎      | 18.4G/54.6G [01:59<04:26, 136Mbyte/s]
Writing:  34%|███▍      | 18.5G/54.6G [02:00<04:50, 124Mbyte/s]
Writing:  34%|███▍      | 18.6G/54.6G [02:01<04:37, 130Mbyte/s]
Writing:  34%|███▍      | 18.7G/54.6G [02:01<04:25, 135Mbyte/s]
Writing:  34%|███▍      | 18.8G/54.6G [02:02<05:17, 113Mbyte/s]
Writing:  35%|███▍      | 18.9G/54.6G [02:03<04:24, 135Mbyte/s]
Writing:  35%|███▍      | 19.1G/54.6G [02:04<03:56, 150Mbyte/s]
Writing:  35%|███▌      | 19.3G/54.6G [02:05<03:45, 156Mbyte/s]
Writing:  36%|███▌      | 19.4G/54.6G [02:06<03:42, 158Mbyte/s]
Writing:  36%|███▌      | 19.5G/54.6G [02:06<03:41, 159Mbyte/s]
Writing:  36%|███▌      | 19.5G/54.6G [02:07<03:36, 162Mbyte/s]
Writing:  36%|███▌      | 19.7G/54.6G [02:08<03:23, 172Mbyte/s]
Writing:  36%|███▋      | 19.9G/54.6G [02:09<03:12, 181Mbyte/s]
Writing:  37%|███▋      | 20.1G/54.6G [02:10<03:07, 184Mbyte/s]
Writing:  37%|███▋      | 20.2G/54.6G [02:11<03:32, 162Mbyte/s]
Writing:  37%|███▋      | 20.4G/54.6G [02:12<03:19, 172Mbyte/s]
Writing:  38%|███▊      | 20.6G/54.6G [02:13<03:09, 180Mbyte/s]
Writing:  38%|███▊      | 20.7G/54.6G [02:13<03:09, 180Mbyte/s]
Writing:  38%|███▊      | 20.8G/54.6G [02:14<03:05, 183Mbyte/s]
Writing:  38%|███▊      | 20.9G/54.6G [02:15<03:13, 174Mbyte/s]
Writing:  38%|███▊      | 21.0G/54.6G [02:15<03:14, 173Mbyte/s]
Writing:  39%|███▊      | 21.0G/54.6G [02:16<03:56, 142Mbyte/s]
Writing:  39%|███▉      | 21.2G/54.6G [02:17<03:39, 152Mbyte/s]
Writing:  39%|███▉      | 21.4G/54.6G [02:18<03:25, 162Mbyte/s]
Writing:  39%|███▉      | 21.6G/54.6G [02:19<03:14, 170Mbyte/s]
Writing:  40%|███▉      | 21.7G/54.6G [02:19<03:20, 165Mbyte/s]
Writing:  40%|███▉      | 21.7G/54.6G [02:20<03:19, 165Mbyte/s]
Writing:  40%|███▉      | 21.8G/54.6G [02:20<03:17, 167Mbyte/s]
Writing:  40%|████      | 22.0G/54.6G [02:21<03:08, 174Mbyte/s]
Writing:  41%|████      | 22.2G/54.6G [02:22<02:59, 181Mbyte/s]
Writing:  41%|████      | 22.3G/54.6G [02:23<03:03, 176Mbyte/s]
Writing:  41%|████      | 22.4G/54.6G [02:24<03:06, 173Mbyte/s]
Writing:  41%|████      | 22.5G/54.6G [02:24<03:05, 174Mbyte/s]
Writing:  41%|████▏     | 22.6G/54.6G [02:24<03:03, 175Mbyte/s]
Writing:  42%|████▏     | 22.8G/54.6G [02:26<03:34, 149Mbyte/s]
Writing:  42%|████▏     | 22.9G/54.6G [02:27<03:22, 156Mbyte/s]
Writing:  42%|████▏     | 23.1G/54.6G [02:28<03:16, 161Mbyte/s]
Writing:  43%|████▎     | 23.3G/54.6G [02:29<03:16, 160Mbyte/s]
Writing:  43%|████▎     | 23.5G/54.6G [02:30<03:09, 164Mbyte/s]
Writing:  43%|████▎     | 23.6G/54.6G [02:31<03:05, 167Mbyte/s]
Writing:  43%|████▎     | 23.7G/54.6G [02:32<03:04, 168Mbyte/s]
Writing:  44%|████▎     | 23.8G/54.6G [02:32<03:01, 170Mbyte/s]
Writing:  44%|████▍     | 24.0G/54.6G [02:33<03:01, 169Mbyte/s]
Writing:  44%|████▍     | 24.0G/54.6G [02:33<03:03, 167Mbyte/s]
Writing:  44%|████▍     | 24.1G/54.6G [02:34<02:59, 171Mbyte/s]
Writing:  44%|████▍     | 24.3G/54.6G [02:35<02:58, 170Mbyte/s]
Writing:  45%|████▍     | 24.4G/54.6G [02:36<02:54, 173Mbyte/s]
Writing:  45%|████▌     | 24.6G/54.6G [02:37<02:51, 175Mbyte/s]
Writing:  45%|████▌     | 24.7G/54.6G [02:37<02:53, 172Mbyte/s]
Writing:  45%|████▌     | 24.8G/54.6G [02:38<02:53, 173Mbyte/s]
Writing:  45%|████▌     | 24.9G/54.6G [02:38<02:50, 174Mbyte/s]
Writing:  46%|████▌     | 25.0G/54.6G [02:39<02:43, 181Mbyte/s]
Writing:  46%|████▌     | 25.2G/54.6G [02:40<02:40, 183Mbyte/s]
Writing:  46%|████▋     | 25.4G/54.6G [02:41<02:41, 181Mbyte/s]
Writing:  47%|████▋     | 25.5G/54.6G [02:42<02:48, 173Mbyte/s]
Writing:  47%|████▋     | 25.6G/54.6G [02:42<02:50, 171Mbyte/s]
Writing:  47%|████▋     | 25.6G/54.6G [02:42<02:51, 169Mbyte/s]
Writing:  47%|████▋     | 25.8G/54.6G [02:44<02:48, 171Mbyte/s]
Writing:  48%|████▊     | 26.0G/54.6G [02:44<02:39, 180Mbyte/s]
Writing:  48%|████▊     | 26.2G/54.6G [02:45<02:32, 186Mbyte/s]
Writing:  48%|████▊     | 26.3G/54.6G [02:46<02:31, 187Mbyte/s]
Writing:  49%|████▊     | 26.5G/54.6G [02:47<02:34, 182Mbyte/s]
Writing:  49%|████▉     | 26.7G/54.6G [02:48<02:35, 180Mbyte/s]
Writing:  49%|████▉     | 26.8G/54.6G [02:49<02:35, 180Mbyte/s]
Writing:  49%|████▉     | 26.9G/54.6G [02:49<02:36, 178Mbyte/s]
Writing:  49%|████▉     | 27.0G/54.6G [02:50<02:39, 173Mbyte/s]
Writing:  50%|████▉     | 27.1G/54.6G [02:51<03:21, 137Mbyte/s]
Writing:  50%|████▉     | 27.1G/54.6G [02:51<03:14, 141Mbyte/s]
Writing:  50%|████▉     | 27.3G/54.6G [02:52<02:53, 157Mbyte/s]
Writing:  50%|█████     | 27.5G/54.6G [02:53<02:44, 165Mbyte/s]
Writing:  51%|█████     | 27.7G/54.6G [02:54<02:39, 169Mbyte/s]
Writing:  51%|█████     | 27.8G/54.6G [02:55<02:42, 165Mbyte/s]
Writing:  51%|█████     | 27.8G/54.6G [02:56<02:41, 166Mbyte/s]
Writing:  51%|█████     | 27.9G/54.6G [02:57<03:34, 125Mbyte/s]
Writing:  51%|█████▏    | 28.1G/54.6G [02:58<03:18, 134Mbyte/s]
Writing:  52%|█████▏    | 28.3G/54.6G [02:59<03:02, 145Mbyte/s]
Writing:  52%|█████▏    | 28.4G/54.6G [03:00<02:50, 154Mbyte/s]
Writing:  52%|█████▏    | 28.5G/54.6G [03:01<02:48, 155Mbyte/s]
Writing:  52%|█████▏    | 28.6G/54.6G [03:01<03:13, 134Mbyte/s]
Writing:  52%|█████▏    | 28.7G/54.6G [03:02<03:04, 141Mbyte/s]
Writing:  53%|█████▎    | 28.8G/54.6G [03:03<02:47, 154Mbyte/s]
Writing:  53%|█████▎    | 29.0G/54.6G [03:04<02:34, 166Mbyte/s]
Writing:  53%|█████▎    | 29.2G/54.6G [03:05<02:30, 169Mbyte/s]
Writing:  54%|█████▍    | 29.4G/54.6G [03:06<02:28, 171Mbyte/s]
Writing:  54%|█████▍    | 29.6G/54.6G [03:07<02:25, 172Mbyte/s]
Writing:  54%|█████▍    | 29.7G/54.6G [03:08<02:24, 172Mbyte/s]
Writing:  55%|█████▍    | 29.8G/54.6G [03:08<02:24, 172Mbyte/s]
Writing:  55%|█████▍    | 29.9G/54.6G [03:09<02:24, 170Mbyte/s]
Writing:  55%|█████▍    | 30.0G/54.6G [03:10<02:29, 164Mbyte/s]
Writing:  55%|█████▌    | 30.1G/54.6G [03:10<02:27, 166Mbyte/s]
Writing:  55%|█████▌    | 30.2G/54.6G [03:10<02:26, 167Mbyte/s]
Writing:  56%|█████▌    | 30.4G/54.6G [03:11<02:26, 166Mbyte/s]
Writing:  56%|█████▌    | 30.5G/54.6G [03:13<02:24, 167Mbyte/s]
Writing:  56%|█████▌    | 30.7G/54.6G [03:14<02:20, 170Mbyte/s]
Writing:  56%|█████▋    | 30.8G/54.6G [03:14<02:20, 170Mbyte/s]
Writing:  57%|█████▋    | 30.9G/54.6G [03:15<02:17, 173Mbyte/s]
Writing:  57%|█████▋    | 30.9G/54.6G [03:15<02:16, 174Mbyte/s]
Writing:  57%|█████▋    | 31.1G/54.6G [03:16<02:46, 141Mbyte/s]
Writing:  57%|█████▋    | 31.3G/54.6G [03:17<02:31, 154Mbyte/s]
Writing:  58%|█████▊    | 31.5G/54.6G [03:18<02:22, 163Mbyte/s]
Writing:  58%|█████▊    | 31.6G/54.6G [03:19<02:20, 164Mbyte/s]
Writing:  58%|█████▊    | 31.6G/54.6G [03:19<02:17, 167Mbyte/s]
Writing:  58%|█████▊    | 31.7G/54.6G [03:20<02:15, 170Mbyte/s]
Writing:  58%|█████▊    | 31.9G/54.6G [03:21<02:18, 165Mbyte/s]
Writing:  59%|█████▊    | 32.1G/54.6G [03:22<02:12, 171Mbyte/s]
Writing:  59%|█████▉    | 32.2G/54.6G [03:23<02:08, 174Mbyte/s]
Writing:  59%|█████▉    | 32.4G/54.6G [03:24<02:09, 172Mbyte/s]
Writing:  60%|█████▉    | 32.6G/54.6G [03:25<02:05, 175Mbyte/s]
Writing:  60%|█████▉    | 32.8G/54.6G [03:26<02:01, 180Mbyte/s]
Writing:  60%|██████    | 32.9G/54.6G [03:26<02:11, 165Mbyte/s]
Writing:  60%|██████    | 33.0G/54.6G [03:27<02:06, 171Mbyte/s]
Writing:  61%|██████    | 33.1G/54.6G [03:28<02:08, 168Mbyte/s]
Writing:  61%|██████    | 33.2G/54.6G [03:28<02:07, 168Mbyte/s]
Writing:  61%|██████    | 33.2G/54.6G [03:29<02:06, 169Mbyte/s]
Writing:  61%|██████    | 33.4G/54.6G [03:30<02:07, 166Mbyte/s]
Writing:  61%|██████▏   | 33.6G/54.6G [03:31<02:05, 168Mbyte/s]
Writing:  62%|██████▏   | 33.8G/54.6G [03:32<02:05, 166Mbyte/s]
Writing:  62%|██████▏   | 33.9G/54.6G [03:33<02:09, 161Mbyte/s]
Writing:  62%|██████▏   | 33.9G/54.6G [03:33<02:07, 163Mbyte/s]
Writing:  62%|██████▏   | 34.0G/54.6G [03:33<02:06, 163Mbyte/s]
Writing:  63%|██████▎   | 34.2G/54.6G [03:34<02:06, 162Mbyte/s]
Writing:  63%|██████▎   | 34.3G/54.6G [03:35<02:03, 164Mbyte/s]
Writing:  63%|██████▎   | 34.5G/54.6G [03:37<02:03, 163Mbyte/s]
Writing:  63%|██████▎   | 34.6G/54.6G [03:37<02:05, 160Mbyte/s]
Writing:  63%|██████▎   | 34.7G/54.6G [03:38<02:03, 162Mbyte/s]
Writing:  64%|██████▎   | 34.8G/54.6G [03:38<02:02, 163Mbyte/s]
Writing:  64%|██████▍   | 34.9G/54.6G [03:39<02:00, 163Mbyte/s]
Writing:  64%|██████▍   | 35.1G/54.6G [03:40<01:56, 168Mbyte/s]
Writing:  65%|██████▍   | 35.3G/54.6G [03:41<01:59, 162Mbyte/s]
Writing:  65%|██████▍   | 35.5G/54.6G [03:42<02:00, 159Mbyte/s]
Writing:  65%|██████▌   | 35.6G/54.6G [03:43<01:55, 164Mbyte/s]
Writing:  66%|██████▌   | 35.8G/54.6G [03:45<01:55, 164Mbyte/s]
Writing:  66%|██████▌   | 35.9G/54.6G [03:45<01:53, 165Mbyte/s]
Writing:  66%|██████▌   | 36.0G/54.6G [03:46<01:50, 168Mbyte/s]
Writing:  66%|██████▌   | 36.1G/54.6G [03:46<01:53, 162Mbyte/s]
Writing:  66%|██████▌   | 36.2G/54.6G [03:47<01:51, 165Mbyte/s]
Writing:  66%|██████▋   | 36.3G/54.6G [03:47<01:50, 167Mbyte/s]
Writing:  67%|██████▋   | 36.4G/54.6G [03:48<01:49, 166Mbyte/s]
Writing:  67%|██████▋   | 36.6G/54.6G [03:49<01:44, 173Mbyte/s]
Writing:  67%|██████▋   | 36.8G/54.6G [03:50<01:40, 178Mbyte/s]
Writing:  68%|██████▊   | 36.9G/54.6G [03:51<01:43, 171Mbyte/s]
Writing:  68%|██████▊   | 37.0G/54.6G [03:51<01:53, 156Mbyte/s]
Writing:  68%|██████▊   | 37.0G/54.6G [03:52<01:50, 160Mbyte/s]
Writing:  68%|██████▊   | 37.2G/54.6G [03:53<01:46, 164Mbyte/s]
Writing:  68%|██████▊   | 37.4G/54.6G [03:54<01:41, 169Mbyte/s]
Writing:  69%|██████▊   | 37.6G/54.6G [03:55<01:40, 171Mbyte/s]
Writing:  69%|██████▉   | 37.7G/54.6G [03:56<01:41, 167Mbyte/s]
Writing:  69%|██████▉   | 37.7G/54.6G [03:56<01:40, 168Mbyte/s]
Writing:  69%|██████▉   | 37.8G/54.6G [03:57<01:56, 144Mbyte/s]
Writing:  69%|██████▉   | 38.0G/54.6G [03:58<01:50, 151Mbyte/s]
Writing:  70%|██████▉   | 38.2G/54.6G [03:59<01:45, 157Mbyte/s]
Writing:  70%|███████   | 38.3G/54.6G [04:00<01:40, 163Mbyte/s]
Writing:  70%|███████   | 38.5G/54.6G [04:01<01:40, 160Mbyte/s]
Writing:  71%|███████   | 38.7G/54.6G [04:02<01:37, 163Mbyte/s]
Writing:  71%|███████   | 38.9G/54.6G [04:03<01:36, 163Mbyte/s]
Writing:  71%|███████▏  | 38.9G/54.6G [04:04<01:36, 164Mbyte/s]
Writing:  71%|███████▏  | 39.1G/54.6G [04:04<01:34, 166Mbyte/s]
Writing:  72%|███████▏  | 39.2G/54.6G [04:05<01:35, 162Mbyte/s]
Writing:  72%|███████▏  | 39.2G/54.6G [04:05<01:35, 161Mbyte/s]
Writing:  72%|███████▏  | 39.3G/54.6G [04:06<01:33, 163Mbyte/s]
Writing:  72%|███████▏  | 39.5G/54.6G [04:07<01:31, 165Mbyte/s]
Writing:  73%|███████▎  | 39.7G/54.6G [04:08<01:30, 166Mbyte/s]
Writing:  73%|███████▎  | 39.8G/54.6G [04:09<01:28, 167Mbyte/s]
Writing:  73%|███████▎  | 39.9G/54.6G [04:10<01:29, 164Mbyte/s]
Writing:  73%|███████▎  | 40.0G/54.6G [04:10<01:28, 165Mbyte/s]
Writing:  73%|███████▎  | 40.1G/54.6G [04:10<01:28, 165Mbyte/s]
Writing:  74%|███████▎  | 40.3G/54.6G [04:12<01:27, 164Mbyte/s]
Writing:  74%|███████▍  | 40.4G/54.6G [04:13<01:23, 170Mbyte/s]
Writing:  74%|███████▍  | 40.6G/54.6G [04:14<01:21, 173Mbyte/s]
Writing:  75%|███████▍  | 40.7G/54.6G [04:14<01:21, 171Mbyte/s]
Writing:  75%|███████▍  | 40.8G/54.6G [04:15<01:20, 171Mbyte/s]
Writing:  75%|███████▍  | 40.8G/54.6G [04:15<01:20, 171Mbyte/s]
Writing:  75%|███████▌  | 41.0G/54.6G [04:16<01:20, 169Mbyte/s]
Writing:  75%|███████▌  | 41.2G/54.6G [04:17<01:30, 149Mbyte/s]
Writing:  76%|███████▌  | 41.4G/54.6G [04:18<01:25, 156Mbyte/s]
Writing:  76%|███████▌  | 41.6G/54.6G [04:20<01:22, 159Mbyte/s]
Writing:  76%|███████▋  | 41.7G/54.6G [04:21<01:20, 161Mbyte/s]
Writing:  77%|███████▋  | 41.9G/54.6G [04:22<01:16, 167Mbyte/s]
Writing:  77%|███████▋  | 42.0G/54.6G [04:22<01:14, 169Mbyte/s]
Writing:  77%|███████▋  | 42.1G/54.6G [04:23<01:18, 159Mbyte/s]
Writing:  77%|███████▋  | 42.2G/54.6G [04:24<01:17, 161Mbyte/s]
Writing:  77%|███████▋  | 42.3G/54.6G [04:24<01:15, 164Mbyte/s]
Writing:  78%|███████▊  | 42.4G/54.6G [04:24<01:13, 168Mbyte/s]
Writing:  78%|███████▊  | 42.5G/54.6G [04:25<01:11, 171Mbyte/s]
Writing:  78%|███████▊  | 42.7G/54.6G [04:26<01:07, 177Mbyte/s]
Writing:  78%|███████▊  | 42.9G/54.6G [04:27<01:05, 179Mbyte/s]
Writing:  79%|███████▊  | 43.0G/54.6G [04:28<01:18, 148Mbyte/s]
Writing:  79%|███████▉  | 43.1G/54.6G [04:29<01:15, 154Mbyte/s]
Writing:  79%|███████▉  | 43.1G/54.6G [04:29<01:12, 159Mbyte/s]
Writing:  79%|███████▉  | 43.3G/54.6G [04:30<01:09, 164Mbyte/s]
Writing:  80%|███████▉  | 43.5G/54.6G [04:31<01:06, 167Mbyte/s]
Writing:  80%|███████▉  | 43.7G/54.6G [04:32<01:04, 170Mbyte/s]
Writing:  80%|████████  | 43.8G/54.6G [04:33<01:06, 163Mbyte/s]
Writing:  80%|████████  | 43.8G/54.6G [04:33<01:05, 165Mbyte/s]
Writing:  80%|████████  | 43.9G/54.6G [04:34<01:04, 167Mbyte/s]
Writing:  81%|████████  | 44.1G/54.6G [04:35<01:03, 166Mbyte/s]
Writing:  81%|████████  | 44.2G/54.6G [04:36<01:01, 170Mbyte/s]
Writing:  81%|████████▏ | 44.4G/54.6G [04:37<00:59, 173Mbyte/s]
Writing:  82%|████████▏ | 44.6G/54.6G [04:38<01:07, 149Mbyte/s]
Writing:  82%|████████▏ | 44.8G/54.6G [04:39<01:03, 157Mbyte/s]
Writing:  82%|████████▏ | 45.0G/54.6G [04:40<01:00, 160Mbyte/s]
Writing:  82%|████████▏ | 45.0G/54.6G [04:41<00:59, 161Mbyte/s]
Writing:  83%|████████▎ | 45.2G/54.6G [04:41<00:57, 166Mbyte/s]
Writing:  83%|████████▎ | 45.3G/54.6G [04:42<00:58, 159Mbyte/s]
Writing:  83%|████████▎ | 45.3G/54.6G [04:43<01:11, 130Mbyte/s]
Writing:  83%|████████▎ | 45.4G/54.6G [04:43<01:07, 137Mbyte/s]
Writing:  83%|████████▎ | 45.6G/54.6G [04:45<01:05, 138Mbyte/s]
Writing:  84%|████████▎ | 45.8G/54.6G [04:46<00:58, 151Mbyte/s]
Writing:  84%|████████▍ | 45.9G/54.6G [04:47<00:54, 160Mbyte/s]
Writing:  84%|████████▍ | 46.0G/54.6G [04:47<00:53, 160Mbyte/s]
Writing:  84%|████████▍ | 46.1G/54.6G [04:48<00:59, 145Mbyte/s]
Writing:  84%|████████▍ | 46.2G/54.6G [04:48<00:57, 147Mbyte/s]
Writing:  85%|████████▍ | 46.3G/54.6G [04:50<00:53, 155Mbyte/s]
Writing:  85%|████████▌ | 46.5G/54.6G [04:51<00:50, 160Mbyte/s]
Writing:  85%|████████▌ | 46.7G/54.6G [04:52<00:48, 163Mbyte/s]
Writing:  86%|████████▌ | 46.8G/54.6G [04:52<00:49, 160Mbyte/s]
Writing:  86%|████████▌ | 46.9G/54.6G [04:53<00:53, 145Mbyte/s]
Writing:  86%|████████▌ | 46.9G/54.6G [04:53<00:51, 149Mbyte/s]
Writing:  86%|████████▌ | 47.1G/54.6G [04:55<00:49, 153Mbyte/s]
Writing:  87%|████████▋ | 47.3G/54.6G [04:56<00:46, 159Mbyte/s]
Writing:  87%|████████▋ | 47.5G/54.6G [04:57<00:43, 164Mbyte/s]
Writing:  87%|████████▋ | 47.6G/54.6G [04:58<00:43, 161Mbyte/s]
Writing:  88%|████████▊ | 47.8G/54.6G [04:59<00:41, 164Mbyte/s]
Writing:  88%|████████▊ | 48.0G/54.6G [05:00<00:40, 164Mbyte/s]
Writing:  88%|████████▊ | 48.1G/54.6G [05:00<00:39, 165Mbyte/s]
Writing:  88%|████████▊ | 48.2G/54.6G [05:01<00:38, 167Mbyte/s]
Writing:  88%|████████▊ | 48.3G/54.6G [05:02<00:39, 160Mbyte/s]
Writing:  89%|████████▊ | 48.4G/54.6G [05:02<00:39, 160Mbyte/s]
Writing:  89%|████████▊ | 48.4G/54.6G [05:03<00:38, 159Mbyte/s]
Writing:  89%|████████▉ | 48.6G/54.6G [05:04<00:38, 158Mbyte/s]
Writing:  89%|████████▉ | 48.8G/54.6G [05:05<00:37, 158Mbyte/s]
Writing:  90%|████████▉ | 49.0G/54.6G [05:06<00:35, 161Mbyte/s]
Writing:  90%|████████▉ | 49.1G/54.6G [05:07<00:34, 159Mbyte/s]
Writing:  90%|████████▉ | 49.1G/54.6G [05:07<00:33, 162Mbyte/s]
Writing:  90%|█████████ | 49.2G/54.6G [05:07<00:33, 162Mbyte/s]
Writing:  90%|█████████ | 49.4G/54.6G [05:09<00:32, 161Mbyte/s]
Writing:  91%|█████████ | 49.6G/54.6G [05:10<00:30, 166Mbyte/s]
Writing:  91%|█████████ | 49.7G/54.6G [05:11<00:29, 169Mbyte/s]
Writing:  91%|█████████ | 49.8G/54.6G [05:11<00:29, 165Mbyte/s]
Writing:  91%|█████████▏| 49.9G/54.6G [05:12<00:28, 165Mbyte/s]
Writing:  91%|█████████▏| 50.0G/54.6G [05:12<00:28, 166Mbyte/s]
Writing:  92%|█████████▏| 50.2G/54.6G [05:13<00:28, 160Mbyte/s]
Writing:  92%|█████████▏| 50.3G/54.6G [05:14<00:26, 160Mbyte/s]
Writing:  92%|█████████▏| 50.5G/54.6G [05:15<00:25, 164Mbyte/s]
Writing:  93%|█████████▎| 50.7G/54.6G [05:16<00:24, 160Mbyte/s]
Writing:  93%|█████████▎| 50.9G/54.6G [05:18<00:23, 161Mbyte/s]
Writing:  93%|█████████▎| 51.0G/54.6G [05:19<00:21, 166Mbyte/s]
Writing:  94%|█████████▎| 51.1G/54.6G [05:19<00:21, 166Mbyte/s]
Writing:  94%|█████████▍| 51.2G/54.6G [05:20<00:20, 164Mbyte/s]
Writing:  98%|█████████▊| 53.8G/54.6G [05:38<00:05, 146Mbyte/s]
Writing:  99%|█████████▊| 53.9G/54.6G [05:39<00:05, 144Mbyte/s]
Writing:  99%|█████████▉| 54.1G/54.6G [05:40<00:03, 146Mbyte/s]
Writing:  99%|█████████▉| 54.3G/54.6G [05:41<00:02, 150Mbyte/s]
Writing: 100%|█████████▉| 54.4G/54.6G [05:41<00:01, 155Mbyte/s]
Writing: 100%|█████████▉| 54.5G/54.6G [05:42<00:00, 156Mbyte/s]
Writing: 100%|█████████▉| 54.6G/54.6G [05:43<00:00, 160Mbyte/s]
Writing: 100%|██████████| 54.6G/54.6G [05:43<00:00, 159Mbyte/s]
INFO:hf-to-gguf:Model successfully exported to /root/Qwen3.8-27B-quant/bf16_gguf/Qwen3.8-27B-BF16.gguf
